-- MySQL dump 10.13  Distrib 8.0.30, for Win64 (x86_64)
--
-- Host: localhost    Database: sporthub2.0
-- ------------------------------------------------------
-- Server version	8.0.30

/*!40101 SET @OLD_CHARACTER_SET_CLIENT=@@CHARACTER_SET_CLIENT */;
/*!40101 SET @OLD_CHARACTER_SET_RESULTS=@@CHARACTER_SET_RESULTS */;
/*!40101 SET @OLD_COLLATION_CONNECTION=@@COLLATION_CONNECTION */;
/*!50503 SET NAMES utf8mb4 */;
/*!40103 SET @OLD_TIME_ZONE=@@TIME_ZONE */;
/*!40103 SET TIME_ZONE='+00:00' */;
/*!40014 SET @OLD_UNIQUE_CHECKS=@@UNIQUE_CHECKS, UNIQUE_CHECKS=0 */;
/*!40014 SET @OLD_FOREIGN_KEY_CHECKS=@@FOREIGN_KEY_CHECKS, FOREIGN_KEY_CHECKS=0 */;
/*!40101 SET @OLD_SQL_MODE=@@SQL_MODE, SQL_MODE='NO_AUTO_VALUE_ON_ZERO' */;
/*!40111 SET @OLD_SQL_NOTES=@@SQL_NOTES, SQL_NOTES=0 */;

--
-- Table structure for table `_prisma_migrations`
--

DROP TABLE IF EXISTS `_prisma_migrations`;
/*!40101 SET @saved_cs_client     = @@character_set_client */;
/*!50503 SET character_set_client = utf8mb4 */;
CREATE TABLE `_prisma_migrations` (
  `id` varchar(36) COLLATE utf8mb4_unicode_ci NOT NULL,
  `checksum` varchar(64) COLLATE utf8mb4_unicode_ci NOT NULL,
  `finished_at` datetime(3) DEFAULT NULL,
  `migration_name` varchar(255) COLLATE utf8mb4_unicode_ci NOT NULL,
  `logs` text COLLATE utf8mb4_unicode_ci,
  `rolled_back_at` datetime(3) DEFAULT NULL,
  `started_at` datetime(3) NOT NULL DEFAULT CURRENT_TIMESTAMP(3),
  `applied_steps_count` int unsigned NOT NULL DEFAULT '0',
  PRIMARY KEY (`id`)
) ENGINE=InnoDB DEFAULT CHARSET=utf8mb4 COLLATE=utf8mb4_unicode_ci;
/*!40101 SET character_set_client = @saved_cs_client */;

--
-- Dumping data for table `_prisma_migrations`
--

LOCK TABLES `_prisma_migrations` WRITE;
/*!40000 ALTER TABLE `_prisma_migrations` DISABLE KEYS */;
INSERT INTO `_prisma_migrations` VALUES ('045d82e5-4f7b-428c-8d8c-dfa4ed88dbcb','4ff1ac46428434ea06bacba47bd893201ee1d538543c61e9c7535af33a8c6920','2025-04-30 06:12:14.575','20241215202322_remove_ignore_relations',NULL,NULL,'2025-04-30 06:12:14.530',1),('0c086028-58e3-4edc-8f4c-2f5de133d376','5252471f2544651baf86c1163dc6868c5d0230a7958ba15a333993b2910f12db','2025-04-30 06:12:15.518','20250129204705_add_ai_table',NULL,NULL,'2025-04-30 06:12:15.234',1),('45aa70d1-d07c-45a3-90d7-bc598956ffd7','4ff1ac46428434ea06bacba47bd893201ee1d538543c61e9c7535af33a8c6920','2025-04-30 06:12:13.940','20241213233333_remove_ignore_relations',NULL,NULL,'2025-04-30 06:12:13.850',1),('463e9381-0d11-4646-bd4b-1392a73e000f','4112c9133285956cd1bcb376b69e84ac39c4e6fa16e97af44d4d9dc421bff2f0','2025-04-30 06:12:15.232','20241221023135_add_image_field_to_users_default',NULL,NULL,'2025-04-30 06:12:15.177',1),('4dd2ff67-b1fe-4d5c-91d2-8f1b381523e6','6dbc9e7a6f4e005f60509b7da11268e9b7dc7517dd618f97306fc475e97b4507','2025-04-30 06:12:12.823','20240902172139_big_int_to_int',NULL,NULL,'2025-04-30 06:12:09.916',1),('5320dcb1-c66c-473c-95de-a51a2aae7d9c','4ff1ac46428434ea06bacba47bd893201ee1d538543c61e9c7535af33a8c6920','2025-04-30 06:12:14.617','20241218180203_remove_ignore_relations',NULL,NULL,'2025-04-30 06:12:14.578',1),('53259eaf-9f73-4580-9deb-a686b499a494','4ff1ac46428434ea06bacba47bd893201ee1d538543c61e9c7535af33a8c6920','2025-04-30 06:12:13.846','20241213222438_remove_ignore_relations',NULL,NULL,'2025-04-30 06:12:13.776',1),('54d95d17-69f0-43d7-85d9-24ae3ce69dc6','cbe2256aec6c2e39788532cfb10db0917c22d5862eef6819117160c7a5c12ec8','2025-04-30 06:12:14.527','20241214203755_remove_ignore_relations',NULL,NULL,'2025-04-30 06:12:14.211',1),('5ea8b15a-01e5-4a20-9308-0f5de604e6ba','f32972ed7eadacf16635ce09797e62867008d6b55fe46e89c9fa026db70c432c','2025-04-30 06:12:13.723','20240902172911_created_updated',NULL,NULL,'2025-04-30 06:12:12.825',1),('65b40e36-fade-46cd-954a-bcbbce948e85','4ff1ac46428434ea06bacba47bd893201ee1d538543c61e9c7535af33a8c6920','2025-04-30 06:12:14.822','20241218205538_remove_ignore_relations',NULL,NULL,'2025-04-30 06:12:14.768',1),('67d87439-eb33-441c-8ad0-c974a5b4b6ca','285c5df7f92b526520b7d8030acb99844b4c55bfbe34824c09d2691317ac9970','2025-04-30 06:12:15.175','20241221020927_add_image_field_to_equipos_default',NULL,NULL,'2025-04-30 06:12:15.079',1),('6d365f06-2071-443e-ae6b-4c1206823b41','1e3e379ba0731800d0f9763b7d5e990ece3908007b907fbbdf2f1f95af628fe3','2025-04-30 06:12:29.895','20250430061229_add_orden_partido',NULL,NULL,'2025-04-30 06:12:29.842',1),('a0c6c193-db9e-45bd-8107-6e353792e0e1','4ff1ac46428434ea06bacba47bd893201ee1d538543c61e9c7535af33a8c6920','2025-04-30 06:12:15.585','20250130225215_update_partidos',NULL,NULL,'2025-04-30 06:12:15.520',1),('a2df5b37-76fd-42f7-9124-bc2a29f8d0fc','35ae06a3e866a5babefae0603da0f2c471b663d66891cdae6504a271631f83f6','2025-04-30 06:12:15.941','20250409030146_orden_partidos',NULL,NULL,'2025-04-30 06:12:15.654',1),('a3967a8a-c3e9-4041-b00d-a7584b6f1005','4ff1ac46428434ea06bacba47bd893201ee1d538543c61e9c7535af33a8c6920','2025-04-30 06:12:14.207','20241214010546_remove_ignore_relations',NULL,NULL,'2025-04-30 06:12:13.943',1),('a5286d39-15bf-454a-a29d-07582ef3834a','019712aa1944ff0b81e80b6dda528e993a2d4b050570cb969cb8aead57b1bb9a','2025-04-30 06:12:15.076','20241221010930_remove_member_string_id',NULL,NULL,'2025-04-30 06:12:14.944',1),('afeff0eb-63a2-44cc-aff8-1af6d4c6a07b','4af6044a4b10d355ddb52bfb092a376c1c4f3d5dc7dfcf07379c6b0e8f8bbd65','2025-04-30 06:12:14.942','20241220232259_add_image_field_to_equipos',NULL,NULL,'2025-04-30 06:12:14.826',1),('b48cee7f-699c-4e02-95b7-0afbaba0ed85','dc9d431dd5fd934351028b55b2fc19dc10ba04a9c12cbf5691f54313c8cc5fc5','2025-04-30 06:12:15.652','20250318191516_tokens',NULL,NULL,'2025-04-30 06:12:15.587',1),('bb6aa654-d97d-4de8-bf73-d33284d3bbb8','4ff1ac46428434ea06bacba47bd893201ee1d538543c61e9c7535af33a8c6920','2025-04-30 06:12:14.717','20241218204246_remove_ignore_relations',NULL,NULL,'2025-04-30 06:12:14.668',1),('bcf24c6a-98a0-4a56-b03d-2c619aafba65','4ff1ac46428434ea06bacba47bd893201ee1d538543c61e9c7535af33a8c6920','2025-04-30 06:12:14.767','20241218205338_remove_ignore_relations',NULL,NULL,'2025-04-30 06:12:14.719',1),('dddb4b73-600f-447c-bfca-0f2a1acda157','4ff1ac46428434ea06bacba47bd893201ee1d538543c61e9c7535af33a8c6920','2025-04-30 06:12:14.664','20241218180329_unignore_notifications',NULL,NULL,'2025-04-30 06:12:14.620',1),('e9522687-7d30-4c97-8df3-c1aab1ceaf80','4ff1ac46428434ea06bacba47bd893201ee1d538543c61e9c7535af33a8c6920','2025-04-30 06:12:13.774','20241213002210_remove_ignore_relations',NULL,NULL,'2025-04-30 06:12:13.725',1),('ece8e590-205a-416b-9b59-a68ab035a5e1','3d5cab3e307c50894cd8cf12187fa2bceea47506279c72014a0d3cce17d17861','2025-04-30 06:12:09.913','20240902165319_sporthub_no_many_partidos',NULL,NULL,'2025-04-30 06:12:09.836',1),('f4041e3c-f4ff-4767-a47b-beb04e5ded45','0d1b0572793e568744514e6283456d0bd25d8523bf7f453b70d6ca8c669f7ec0','2025-04-30 06:12:09.833','20240902161505_sporthub2_0',NULL,NULL,'2025-04-30 06:12:07.246',1);
/*!40000 ALTER TABLE `_prisma_migrations` ENABLE KEYS */;
UNLOCK TABLES;

--
-- Table structure for table `AI`
--

DROP TABLE IF EXISTS `AI`;
/*!40101 SET @saved_cs_client     = @@character_set_client */;
/*!50503 SET character_set_client = utf8mb4 */;
CREATE TABLE `AI` (
  `id` int unsigned NOT NULL AUTO_INCREMENT,
  `user_id` int unsigned NOT NULL,
  `SS` int unsigned NOT NULL DEFAULT '0',
  `SA` int unsigned NOT NULL DEFAULT '0',
  `TM` int unsigned NOT NULL DEFAULT '0',
  `BC` int unsigned NOT NULL DEFAULT '0',
  `DR` int unsigned NOT NULL DEFAULT '0',
  `TO` int unsigned NOT NULL DEFAULT '0',
  `ST` int unsigned NOT NULL DEFAULT '0',
  `DD` int unsigned NOT NULL DEFAULT '0',
  `TR` int unsigned NOT NULL DEFAULT '0',
  `PF` enum('NA','DEFICIENTE','MEJORABLE','BUENO','MUY_BUENO','EXCEPCIONAL') COLLATE utf8mb4_unicode_ci NOT NULL DEFAULT 'NA',
  `created_at` datetime(3) DEFAULT CURRENT_TIMESTAMP(3),
  `updated_at` datetime(3) DEFAULT NULL,
  PRIMARY KEY (`id`),
  KEY `AI_user_id_foreign` (`user_id`),
  CONSTRAINT `AI_user_id_foreign` FOREIGN KEY (`user_id`) REFERENCES `users` (`id`) ON DELETE CASCADE ON UPDATE RESTRICT
) ENGINE=InnoDB AUTO_INCREMENT=38 DEFAULT CHARSET=utf8mb4 COLLATE=utf8mb4_unicode_ci;
/*!40101 SET character_set_client = @saved_cs_client */;

--
-- Dumping data for table `AI`
--

LOCK TABLES `AI` WRITE;
/*!40000 ALTER TABLE `AI` DISABLE KEYS */;
INSERT INTO `AI` VALUES (1,51,0,0,60,0,0,0,0,0,0,'EXCEPCIONAL','2025-04-30 06:12:46.899','2025-04-30 06:12:46.899'),(2,51,1,1,30,0,4,2,2,2,1,'MUY_BUENO','2025-04-30 06:12:46.918','2025-04-30 06:12:46.918'),(3,51,2,3,26,4,5,2,3,2,2,'BUENO','2025-04-30 06:12:46.923','2025-04-30 06:12:46.923'),(4,51,2,3,29,2,3,4,1,1,2,'BUENO','2025-04-30 06:12:46.933','2025-04-30 06:12:46.933'),(5,51,3,2,25,1,2,4,5,4,6,'MEJORABLE','2025-04-30 06:12:46.939','2025-04-30 06:12:46.939'),(6,51,1,1,22,2,3,2,1,3,1,'DEFICIENTE','2025-04-30 06:12:46.943','2025-04-30 06:12:46.943'),(7,51,0,0,30,0,0,0,0,0,0,'MEJORABLE','2025-04-30 06:12:46.947','2025-04-30 06:12:46.947'),(8,51,0,0,2,0,0,0,0,0,0,'MEJORABLE','2025-04-30 06:12:46.952','2025-04-30 06:12:46.952'),(9,51,0,0,2,0,0,0,0,0,0,'MEJORABLE','2025-04-30 06:12:46.956','2025-04-30 06:12:46.956'),(10,51,0,0,30,0,0,0,0,0,0,'MEJORABLE','2025-04-30 06:12:46.960','2025-04-30 06:12:46.960'),(11,51,0,0,7,0,0,0,0,0,0,'MEJORABLE','2025-04-30 06:12:46.964','2025-04-30 06:12:46.964'),(12,12,4,1,18,2,5,1,0,0,1,'EXCEPCIONAL','2025-04-30 06:12:46.969','2025-04-30 06:12:46.969'),(13,23,2,3,25,1,3,2,1,1,2,'BUENO','2025-04-30 06:12:46.973','2025-04-30 06:12:46.973'),(14,14,1,2,20,3,2,1,4,2,2,'MUY_BUENO','2025-04-30 06:12:46.977','2025-04-30 06:12:46.977'),(15,30,0,0,15,0,0,0,0,0,0,'DEFICIENTE','2025-04-30 06:12:46.981','2025-04-30 06:12:46.981'),(16,25,3,1,22,4,1,3,0,1,4,'EXCEPCIONAL','2025-04-30 06:12:46.986','2025-04-30 06:12:46.986'),(17,9,2,2,18,1,1,2,3,2,1,'BUENO','2025-04-30 06:12:46.991','2025-04-30 06:12:46.991'),(18,18,4,1,25,3,2,3,1,2,3,'MUY_BUENO','2025-04-30 06:12:46.995','2025-04-30 06:12:46.995'),(19,8,1,4,23,2,4,1,2,1,5,'BUENO','2025-04-30 06:12:46.999','2025-04-30 06:12:46.999'),(20,3,0,0,8,0,1,0,0,1,0,'DEFICIENTE','2025-04-30 06:12:47.003','2025-04-30 06:12:47.003'),(21,7,2,1,27,5,6,2,3,3,2,'EXCEPCIONAL','2025-04-30 06:12:47.007','2025-04-30 06:12:47.007'),(22,32,0,0,10,0,0,0,0,1,0,'MEJORABLE','2025-04-30 06:12:47.011','2025-04-30 06:12:47.011'),(23,28,3,2,21,3,4,3,1,2,1,'MEJORABLE','2025-04-30 06:12:47.015','2025-04-30 06:12:47.015'),(24,2,0,0,6,0,0,0,0,0,0,'DEFICIENTE','2025-04-30 06:12:47.019','2025-04-30 06:12:47.019'),(25,24,1,1,12,1,1,0,2,0,1,'BUENO','2025-04-30 06:12:47.023','2025-04-30 06:12:47.023'),(26,5,0,0,5,0,1,0,0,0,1,'DEFICIENTE','2025-04-30 06:12:47.027','2025-04-30 06:12:47.027'),(27,26,3,2,20,4,3,2,0,1,1,'MUY_BUENO','2025-04-30 06:12:47.031','2025-04-30 06:12:47.031'),(28,21,2,1,17,2,4,2,1,0,3,'EXCEPCIONAL','2025-04-30 06:12:47.035','2025-04-30 06:12:47.035'),(29,10,0,0,8,0,1,0,0,0,0,'DEFICIENTE','2025-04-30 06:12:47.039','2025-04-30 06:12:47.039'),(30,4,3,2,14,5,4,1,0,2,3,'EXCEPCIONAL','2025-04-30 06:12:47.043','2025-04-30 06:12:47.043'),(31,33,0,1,22,3,2,1,4,1,5,'MEJORABLE','2025-04-30 06:12:47.047','2025-04-30 06:12:47.047'),(32,13,1,2,19,1,0,3,1,3,2,'DEFICIENTE','2025-04-30 06:12:47.052','2025-04-30 06:12:47.052'),(33,19,2,1,21,3,4,2,0,2,1,'EXCEPCIONAL','2025-04-30 06:12:47.056','2025-04-30 06:12:47.056'),(34,15,1,0,10,2,3,2,4,0,3,'MEJORABLE','2025-04-30 06:12:47.060','2025-04-30 06:12:47.060'),(35,6,0,0,12,1,3,1,0,1,0,'DEFICIENTE','2025-04-30 06:12:47.064','2025-04-30 06:12:47.064'),(36,51,0,0,14,0,0,2,12,0,2,'DEFICIENTE','2025-05-01 00:30:53.426','2025-05-01 00:30:53.426'),(37,51,0,0,14,0,1,3,17,0,4,'DEFICIENTE','2025-05-01 00:38:35.207','2025-05-01 00:38:35.207');
/*!40000 ALTER TABLE `AI` ENABLE KEYS */;
UNLOCK TABLES;

--
-- Table structure for table `equipos`
--

DROP TABLE IF EXISTS `equipos`;
/*!40101 SET @saved_cs_client     = @@character_set_client */;
/*!50503 SET character_set_client = utf8mb4 */;
CREATE TABLE `equipos` (
  `id` int unsigned NOT NULL AUTO_INCREMENT,
  `name` varchar(255) COLLATE utf8mb4_unicode_ci NOT NULL,
  `user_id` int unsigned NOT NULL,
  `created_at` datetime(3) DEFAULT CURRENT_TIMESTAMP(3),
  `updated_at` datetime(3) DEFAULT NULL,
  `image` varchar(255) COLLATE utf8mb4_unicode_ci NOT NULL DEFAULT 'logoEquipo.jpg',
  PRIMARY KEY (`id`),
  KEY `equipos_user_id_foreign` (`user_id`),
  CONSTRAINT `equipos_user_id_foreign` FOREIGN KEY (`user_id`) REFERENCES `users` (`id`) ON DELETE CASCADE ON UPDATE RESTRICT
) ENGINE=InnoDB AUTO_INCREMENT=55 DEFAULT CHARSET=utf8mb4 COLLATE=utf8mb4_unicode_ci;
/*!40101 SET character_set_client = @saved_cs_client */;

--
-- Dumping data for table `equipos`
--

LOCK TABLES `equipos` WRITE;
/*!40000 ALTER TABLE `equipos` DISABLE KEYS */;
INSERT INTO `equipos` VALUES (1,'Lumina',36,'2025-04-30 06:12:44.702','2025-04-30 06:12:44.702','logoEquipo.jpg'),(2,'Express',19,'2025-04-30 06:12:44.714','2025-04-30 06:12:44.714','logoEquipo.jpg'),(3,'Camry',45,'2025-04-30 06:12:44.719','2025-04-30 06:12:44.719','logoEquipo.jpg'),(4,'Montero',6,'2025-04-30 06:12:44.723','2025-04-30 06:12:44.723','logoEquipo.jpg'),(5,'911',50,'2025-04-30 06:12:44.727','2025-04-30 06:12:44.727','logoEquipo.jpg'),(6,'SJ',23,'2025-04-30 06:12:44.731','2025-04-30 06:12:44.731','logoEquipo.jpg'),(7,'S10',17,'2025-04-30 06:12:44.735','2025-04-30 06:12:44.735','logoEquipo.jpg'),(8,'CL-Class',38,'2025-04-30 06:12:44.739','2025-04-30 06:12:44.739','logoEquipo.jpg'),(9,'S80',24,'2025-04-30 06:12:44.742','2025-04-30 06:12:44.742','logoEquipo.jpg'),(10,'Landaulet',36,'2025-04-30 06:12:44.746','2025-04-30 06:12:44.746','logoEquipo.jpg'),(11,'FX',39,'2025-04-30 06:12:44.750','2025-04-30 06:12:44.750','logoEquipo.jpg'),(12,'Sierra 1500',43,'2025-04-30 06:12:44.754','2025-04-30 06:12:44.754','logoEquipo.jpg'),(13,'Corolla',17,'2025-04-30 06:12:44.758','2025-04-30 06:12:44.758','logoEquipo.jpg'),(14,'Cayenne',9,'2025-04-30 06:12:44.762','2025-04-30 06:12:44.762','logoEquipo.jpg'),(15,'Golf',6,'2025-04-30 06:12:44.766','2025-04-30 06:12:44.766','logoEquipo.jpg'),(16,'Diamante',42,'2025-04-30 06:12:44.770','2025-04-30 06:12:44.770','logoEquipo.jpg'),(17,'S-Type',27,'2025-04-30 06:12:44.774','2025-04-30 06:12:44.774','logoEquipo.jpg'),(18,'Maxima',34,'2025-04-30 06:12:44.777','2025-04-30 06:12:44.777','logoEquipo.jpg'),(19,'Viper',32,'2025-04-30 06:12:44.781','2025-04-30 06:12:44.781','logoEquipo.jpg'),(20,'2500',11,'2025-04-30 06:12:44.785','2025-04-30 06:12:44.785','logoEquipo.jpg'),(21,'Firebird',32,'2025-04-30 06:12:44.789','2025-04-30 06:12:44.789','logoEquipo.jpg'),(22,'CR-V',33,'2025-04-30 06:12:44.793','2025-04-30 06:12:44.793','logoEquipo.jpg'),(23,'Range Rover Sport',2,'2025-04-30 06:12:44.796','2025-04-30 06:12:44.796','logoEquipo.jpg'),(24,'rio',32,'2025-04-30 06:12:44.800','2025-04-30 06:12:44.800','logoEquipo.jpg'),(25,'Eurovan',43,'2025-04-30 06:12:44.804','2025-04-30 06:12:44.804','logoEquipo.jpg'),(26,'LeMans',10,'2025-04-30 06:12:44.808','2025-04-30 06:12:44.808','logoEquipo.jpg'),(27,'Villager',17,'2025-04-30 06:12:44.812','2025-04-30 06:12:44.812','logoEquipo.jpg'),(28,'B-Series',29,'2025-04-30 06:12:44.816','2025-04-30 06:12:44.816','logoEquipo.jpg'),(29,'W201',45,'2025-04-30 06:12:44.820','2025-04-30 06:12:44.820','logoEquipo.jpg'),(30,'Rio',1,'2025-04-30 06:12:44.823','2025-04-30 06:12:44.823','logoEquipo.jpg'),(31,'Z8',1,'2025-04-30 06:12:44.827','2025-04-30 06:12:44.827','logoEquipo.jpg'),(32,'Yukon XL 1500',28,'2025-04-30 06:12:44.831','2025-04-30 06:12:44.831','logoEquipo.jpg'),(33,'Coachbuilder',48,'2025-04-30 06:12:44.835','2025-04-30 06:12:44.835','logoEquipo.jpg'),(34,'Quest',35,'2025-04-30 06:12:44.839','2025-04-30 06:12:44.839','logoEquipo.jpg'),(35,'Corvette',15,'2025-04-30 06:12:44.843','2025-04-30 06:12:44.843','logoEquipo.jpg'),(36,'Taurus',50,'2025-04-30 06:12:44.847','2025-04-30 06:12:44.847','logoEquipo.jpg'),(37,'Vibe',42,'2025-04-30 06:12:44.851','2025-04-30 06:12:44.851','logoEquipo.jpg'),(38,'SL-Class',40,'2025-04-30 06:12:44.855','2025-04-30 06:12:44.855','logoEquipo.jpg'),(39,'Grand Caravan',3,'2025-04-30 06:12:44.859','2025-04-30 06:12:44.859','logoEquipo.jpg'),(40,'Integraz',19,'2025-04-30 06:12:44.863','2025-04-30 06:12:44.863','logoEquipo.jpg'),(41,'SVX',28,'2025-04-30 06:12:44.867','2025-04-30 06:12:44.867','logoEquipo.jpg'),(42,'S60',14,'2025-04-30 06:12:44.871','2025-04-30 06:12:44.871','logoEquipo.jpg'),(43,'Sierra',38,'2025-04-30 06:12:44.875','2025-04-30 06:12:44.875','logoEquipo.jpg'),(44,'Sunbird',45,'2025-04-30 06:12:44.879','2025-04-30 06:12:44.879','logoEquipo.jpg'),(45,'Pathfinder',4,'2025-04-30 06:12:44.883','2025-04-30 06:12:44.883','logoEquipo.jpg'),(46,'Integra',51,'2025-04-30 06:12:44.886','2025-04-30 06:12:44.886','logoEquipo.jpg'),(47,'Freestyle',51,'2025-04-30 06:12:44.890','2025-04-30 06:12:44.890','logoEquipo.jpg'),(48,'Ram 2500',51,'2025-04-30 06:12:44.894','2025-04-30 06:12:44.894','logoEquipo.jpg'),(49,'F250',38,'2025-04-30 06:12:44.898','2025-04-30 06:12:44.898','logoEquipo.jpg'),(50,'Skyhawk',51,'2025-04-30 06:12:44.901','2025-04-30 06:12:44.901','logoEquipo.jpg'),(51,'Mcaco',51,'2025-04-30 06:12:44.906','2025-04-30 06:12:44.906','logoEquipo.jpg'),(52,'DSADAS',51,'2025-04-30 06:12:44.909','2025-04-30 06:12:44.909','logoEquipo.jpg'),(53,'HAD A FEW',51,'2025-04-30 06:12:44.913','2025-04-30 06:12:44.913','logoEquipo.jpg'),(54,'News',51,'2025-04-30 06:12:44.917','2025-04-30 06:12:44.917','logoEquipo.jpg');
/*!40000 ALTER TABLE `equipos` ENABLE KEYS */;
UNLOCK TABLES;

--
-- Table structure for table `estadisticas`
--

DROP TABLE IF EXISTS `estadisticas`;
/*!40101 SET @saved_cs_client     = @@character_set_client */;
/*!50503 SET character_set_client = utf8mb4 */;
CREATE TABLE `estadisticas` (
  `torneo_id` int unsigned NOT NULL,
  `equipo_id` int unsigned NOT NULL,
  `PT` int unsigned NOT NULL DEFAULT '0',
  `CA` int unsigned NOT NULL DEFAULT '0',
  `DC` int NOT NULL DEFAULT '0',
  `CC` int unsigned NOT NULL DEFAULT '0',
  `created_at` datetime(3) DEFAULT CURRENT_TIMESTAMP(3),
  `updated_at` datetime(3) DEFAULT NULL,
  `id` int unsigned NOT NULL AUTO_INCREMENT,
  PRIMARY KEY (`id`),
  KEY `estadisticas_equipo_id_foreign` (`equipo_id`),
  KEY `estadisticas_torneo_id_foreign` (`torneo_id`),
  CONSTRAINT `estadisticas_equipo_id_foreign` FOREIGN KEY (`equipo_id`) REFERENCES `equipos` (`id`) ON DELETE CASCADE ON UPDATE RESTRICT,
  CONSTRAINT `estadisticas_torneo_id_foreign` FOREIGN KEY (`torneo_id`) REFERENCES `torneos` (`id`) ON DELETE CASCADE ON UPDATE RESTRICT
) ENGINE=InnoDB AUTO_INCREMENT=197 DEFAULT CHARSET=utf8mb4 COLLATE=utf8mb4_unicode_ci;
/*!40101 SET character_set_client = @saved_cs_client */;

--
-- Dumping data for table `estadisticas`
--

LOCK TABLES `estadisticas` WRITE;
/*!40000 ALTER TABLE `estadisticas` DISABLE KEYS */;
INSERT INTO `estadisticas` VALUES (1,44,0,0,0,0,'2025-04-30 06:12:45.531','2025-04-30 06:12:45.531',1),(2,26,0,0,0,0,'2025-04-30 06:12:45.539','2025-04-30 06:12:45.539',2),(3,15,0,0,0,0,'2025-04-30 06:12:45.543','2025-04-30 06:12:45.543',3),(4,31,0,0,0,0,'2025-04-30 06:12:45.547','2025-04-30 06:12:45.547',4),(5,43,0,0,0,0,'2025-04-30 06:12:45.551','2025-04-30 06:12:45.551',5),(6,48,0,0,0,0,'2025-04-30 06:12:45.556','2025-04-30 06:12:45.556',6),(7,22,0,0,0,0,'2025-04-30 06:12:45.560','2025-04-30 06:12:45.560',7),(8,20,0,0,0,0,'2025-04-30 06:12:45.564','2025-04-30 06:12:45.564',8),(9,45,0,0,0,0,'2025-04-30 06:12:45.568','2025-04-30 06:12:45.568',9),(10,18,0,0,0,0,'2025-04-30 06:12:45.572','2025-04-30 06:12:45.572',10),(11,1,0,0,0,0,'2025-04-30 06:12:45.577','2025-04-30 06:12:45.577',11),(12,7,0,0,0,0,'2025-04-30 06:12:45.581','2025-04-30 06:12:45.581',12),(13,28,0,0,0,0,'2025-04-30 06:12:45.585','2025-04-30 06:12:45.585',13),(14,29,0,0,0,0,'2025-04-30 06:12:45.589','2025-04-30 06:12:45.589',14),(15,31,0,0,0,0,'2025-04-30 06:12:45.593','2025-04-30 06:12:45.593',15),(16,9,0,0,0,0,'2025-04-30 06:12:45.597','2025-04-30 06:12:45.597',16),(17,4,0,0,0,0,'2025-04-30 06:12:45.601','2025-04-30 06:12:45.601',17),(18,20,0,0,0,0,'2025-04-30 06:12:45.605','2025-04-30 06:12:45.605',18),(19,42,0,0,0,0,'2025-04-30 06:12:45.609','2025-04-30 06:12:45.609',19),(20,28,0,0,0,0,'2025-04-30 06:12:45.613','2025-04-30 06:12:45.613',20),(21,48,0,0,0,0,'2025-04-30 06:12:45.617','2025-04-30 06:12:45.617',21),(22,38,0,0,0,0,'2025-04-30 06:12:45.621','2025-04-30 06:12:45.621',22),(23,50,0,0,0,0,'2025-04-30 06:12:45.624','2025-04-30 06:12:45.624',23),(24,37,0,0,0,0,'2025-04-30 06:12:45.628','2025-04-30 06:12:45.628',24),(25,46,0,0,0,0,'2025-04-30 06:12:45.632','2025-04-30 06:12:45.632',25),(26,44,0,0,0,0,'2025-04-30 06:12:45.636','2025-04-30 06:12:45.636',26),(27,5,0,0,0,0,'2025-04-30 06:12:45.640','2025-04-30 06:12:45.640',27),(28,18,0,0,0,0,'2025-04-30 06:12:45.644','2025-04-30 06:12:45.644',28),(29,32,0,0,0,0,'2025-04-30 06:12:45.647','2025-04-30 06:12:45.647',29),(30,12,0,0,0,0,'2025-04-30 06:12:45.651','2025-04-30 06:12:45.651',30),(39,1,0,0,0,0,'2025-04-30 06:12:45.655','2025-04-30 06:12:45.655',31),(39,2,0,0,0,0,'2025-04-30 06:12:45.659','2025-04-30 06:12:45.659',32),(39,3,0,0,0,0,'2025-04-30 06:12:45.663','2025-04-30 06:12:45.663',33),(39,4,0,0,0,0,'2025-04-30 06:12:45.666','2025-04-30 06:12:45.666',34),(39,5,0,0,0,0,'2025-04-30 06:12:45.670','2025-04-30 06:12:45.670',35),(39,6,0,0,0,0,'2025-04-30 06:12:45.674','2025-04-30 06:12:45.674',36),(39,7,0,0,0,0,'2025-04-30 06:12:45.678','2025-04-30 06:12:45.678',37),(39,8,0,0,0,0,'2025-04-30 06:12:45.681','2025-04-30 06:12:45.681',38),(39,1,0,0,0,0,'2025-04-30 06:12:45.685','2025-04-30 06:12:45.685',39),(39,3,0,0,0,0,'2025-04-30 06:12:45.689','2025-04-30 06:12:45.689',40),(39,3,0,0,0,0,'2025-04-30 06:12:45.693','2025-04-30 06:12:45.693',41),(39,1,0,0,0,0,'2025-04-30 06:12:45.697','2025-04-30 06:12:45.697',42),(39,3,0,0,0,0,'2025-04-30 06:12:45.700','2025-04-30 06:12:45.700',43),(39,1,0,0,0,0,'2025-04-30 06:12:45.704','2025-04-30 06:12:45.704',44),(39,1,0,0,0,0,'2025-04-30 06:12:45.708','2025-04-30 06:12:45.708',45),(39,3,0,0,0,0,'2025-04-30 06:12:45.711','2025-04-30 06:12:45.711',46),(39,5,0,0,0,0,'2025-04-30 06:12:45.715','2025-04-30 06:12:45.715',47),(39,7,0,0,0,0,'2025-04-30 06:12:45.719','2025-04-30 06:12:45.719',48),(39,3,0,0,0,0,'2025-04-30 06:12:45.723','2025-04-30 06:12:45.723',49),(39,5,0,0,0,0,'2025-04-30 06:12:45.727','2025-04-30 06:12:45.727',50),(39,5,0,0,0,0,'2025-04-30 06:12:45.730','2025-04-30 06:12:45.730',51),(39,7,0,0,0,0,'2025-04-30 06:12:45.734','2025-04-30 06:12:45.734',52),(41,5,0,0,0,0,'2025-04-30 06:12:45.738','2025-04-30 06:12:45.738',53),(41,2,0,0,0,0,'2025-04-30 06:12:45.741','2025-04-30 06:12:45.741',54),(41,7,0,0,0,0,'2025-04-30 06:12:45.745','2025-04-30 06:12:45.745',55),(41,4,0,0,0,0,'2025-04-30 06:12:45.748','2025-04-30 06:12:45.748',56),(41,10,0,0,0,0,'2025-04-30 06:12:45.752','2025-04-30 06:12:45.752',57),(41,3,0,0,0,0,'2025-04-30 06:12:45.756','2025-04-30 06:12:45.756',58),(41,9,0,0,0,0,'2025-04-30 06:12:45.760','2025-04-30 06:12:45.760',59),(41,12,0,0,0,0,'2025-04-30 06:12:45.763','2025-04-30 06:12:45.763',60),(41,14,0,0,0,0,'2025-04-30 06:12:45.767','2025-04-30 06:12:45.767',61),(41,6,0,0,0,0,'2025-04-30 06:12:45.771','2025-04-30 06:12:45.771',62),(41,11,0,0,0,0,'2025-04-30 06:12:45.774','2025-04-30 06:12:45.774',63),(41,8,0,0,0,0,'2025-04-30 06:12:45.778','2025-04-30 06:12:45.778',64),(41,19,0,0,0,0,'2025-04-30 06:12:45.782','2025-04-30 06:12:45.782',65),(41,15,0,0,0,0,'2025-04-30 06:12:45.786','2025-04-30 06:12:45.786',66),(41,17,0,0,0,0,'2025-04-30 06:12:45.790','2025-04-30 06:12:45.790',67),(41,22,0,0,0,0,'2025-04-30 06:12:45.794','2025-04-30 06:12:45.794',68),(41,2,0,0,0,0,'2025-04-30 06:12:45.797','2025-04-30 06:12:45.797',69),(41,4,0,0,0,0,'2025-04-30 06:12:45.801','2025-04-30 06:12:45.801',70),(41,3,0,0,0,0,'2025-04-30 06:12:45.805','2025-04-30 06:12:45.805',71),(41,14,0,0,0,0,'2025-04-30 06:12:45.809','2025-04-30 06:12:45.809',72),(41,3,0,0,0,0,'2025-04-30 06:12:45.813','2025-04-30 06:12:45.813',73),(41,19,0,0,0,0,'2025-04-30 06:12:45.816','2025-04-30 06:12:45.816',74),(41,11,0,0,0,0,'2025-04-30 06:12:45.820','2025-04-30 06:12:45.820',75),(41,22,0,0,0,0,'2025-04-30 06:12:45.824','2025-04-30 06:12:45.824',76),(41,9,0,0,0,0,'2025-04-30 06:12:45.828','2025-04-30 06:12:45.828',77),(41,14,0,0,0,0,'2025-04-30 06:12:45.832','2025-04-30 06:12:45.832',78),(41,4,0,0,0,0,'2025-04-30 06:12:45.835','2025-04-30 06:12:45.835',79),(41,11,0,0,0,0,'2025-04-30 06:12:45.839','2025-04-30 06:12:45.839',80),(41,19,0,0,0,0,'2025-04-30 06:12:45.843','2025-04-30 06:12:45.843',81),(41,9,0,0,0,0,'2025-04-30 06:12:45.847','2025-04-30 06:12:45.847',82),(41,19,0,0,0,0,'2025-04-30 06:12:45.851','2025-04-30 06:12:45.851',83),(41,11,0,0,0,0,'2025-04-30 06:12:45.855','2025-04-30 06:12:45.855',84),(40,1,0,0,0,0,'2025-04-30 06:12:45.858','2025-04-30 06:12:45.858',85),(40,2,0,0,0,0,'2025-04-30 06:12:45.862','2025-04-30 06:12:45.862',86),(40,4,0,0,0,0,'2025-04-30 06:12:45.866','2025-04-30 06:12:45.866',87),(40,3,0,0,0,0,'2025-04-30 06:12:45.870','2025-04-30 06:12:45.870',88),(40,5,0,0,0,0,'2025-04-30 06:12:45.873','2025-04-30 06:12:45.873',89),(40,6,0,0,0,0,'2025-04-30 06:12:45.877','2025-04-30 06:12:45.877',90),(40,7,0,0,0,0,'2025-04-30 06:12:45.882','2025-04-30 06:12:45.882',91),(40,8,0,0,0,0,'2025-04-30 06:12:45.886','2025-04-30 06:12:45.886',92),(40,9,0,0,0,0,'2025-04-30 06:12:45.890','2025-04-30 06:12:45.890',93),(40,10,0,0,0,0,'2025-04-30 06:12:45.894','2025-04-30 06:12:45.894',94),(40,11,0,0,0,0,'2025-04-30 06:12:45.897','2025-04-30 06:12:45.897',95),(40,12,0,0,0,0,'2025-04-30 06:12:45.901','2025-04-30 06:12:45.901',96),(40,13,0,0,0,0,'2025-04-30 06:12:45.905','2025-04-30 06:12:45.905',97),(40,14,0,0,0,0,'2025-04-30 06:12:45.909','2025-04-30 06:12:45.909',98),(40,15,0,0,0,0,'2025-04-30 06:12:45.912','2025-04-30 06:12:45.912',99),(40,16,0,0,0,0,'2025-04-30 06:12:45.916','2025-04-30 06:12:45.916',100),(40,17,0,0,0,0,'2025-04-30 06:12:45.919','2025-04-30 06:12:45.919',101),(40,18,0,0,0,0,'2025-04-30 06:12:45.924','2025-04-30 06:12:45.924',102),(40,19,0,0,0,0,'2025-04-30 06:12:45.927','2025-04-30 06:12:45.927',103),(40,20,0,0,0,0,'2025-04-30 06:12:45.931','2025-04-30 06:12:45.931',104),(40,21,0,0,0,0,'2025-04-30 06:12:45.935','2025-04-30 06:12:45.935',105),(40,22,0,0,0,0,'2025-04-30 06:12:45.939','2025-04-30 06:12:45.939',106),(40,23,0,0,0,0,'2025-04-30 06:12:45.942','2025-04-30 06:12:45.942',107),(40,24,0,0,0,0,'2025-04-30 06:12:45.946','2025-04-30 06:12:45.946',108),(40,25,0,0,0,0,'2025-04-30 06:12:45.950','2025-04-30 06:12:45.950',109),(40,26,0,0,0,0,'2025-04-30 06:12:45.953','2025-04-30 06:12:45.953',110),(40,27,0,0,0,0,'2025-04-30 06:12:45.957','2025-04-30 06:12:45.957',111),(40,28,0,0,0,0,'2025-04-30 06:12:45.961','2025-04-30 06:12:45.961',112),(40,29,0,0,0,0,'2025-04-30 06:12:45.965','2025-04-30 06:12:45.965',113),(40,30,0,0,0,0,'2025-04-30 06:12:45.968','2025-04-30 06:12:45.968',114),(40,31,0,0,0,0,'2025-04-30 06:12:45.972','2025-04-30 06:12:45.972',115),(40,32,0,0,0,0,'2025-04-30 06:12:45.976','2025-04-30 06:12:45.976',116),(40,1,0,0,0,0,'2025-04-30 06:12:45.980','2025-04-30 06:12:45.980',117),(40,32,0,0,0,0,'2025-04-30 06:12:45.984','2025-04-30 06:12:45.984',118),(40,5,0,0,0,0,'2025-04-30 06:12:45.988','2025-04-30 06:12:45.988',119),(40,15,0,0,0,0,'2025-04-30 06:12:45.992','2025-04-30 06:12:45.992',120),(40,3,0,0,0,0,'2025-04-30 06:12:45.995','2025-04-30 06:12:45.995',121),(40,14,0,0,0,0,'2025-04-30 06:12:45.999','2025-04-30 06:12:45.999',122),(40,10,0,0,0,0,'2025-04-30 06:12:46.003','2025-04-30 06:12:46.003',123),(40,21,0,0,0,0,'2025-04-30 06:12:46.007','2025-04-30 06:12:46.007',124),(40,26,0,0,0,0,'2025-04-30 06:12:46.010','2025-04-30 06:12:46.010',125),(40,28,0,0,0,0,'2025-04-30 06:12:46.014','2025-04-30 06:12:46.014',126),(40,29,0,0,0,0,'2025-04-30 06:12:46.018','2025-04-30 06:12:46.018',127),(40,8,0,0,0,0,'2025-04-30 06:12:46.022','2025-04-30 06:12:46.022',128),(40,23,0,0,0,0,'2025-04-30 06:12:46.025','2025-04-30 06:12:46.025',129),(40,19,0,0,0,0,'2025-04-30 06:12:46.029','2025-04-30 06:12:46.029',130),(40,17,0,0,0,0,'2025-04-30 06:12:46.033','2025-04-30 06:12:46.033',131),(40,11,0,0,0,0,'2025-04-30 06:12:46.037','2025-04-30 06:12:46.037',132),(40,15,0,0,0,0,'2025-04-30 06:12:46.041','2025-04-30 06:12:46.041',133),(40,10,0,0,0,0,'2025-04-30 06:12:46.044','2025-04-30 06:12:46.044',134),(40,23,0,0,0,0,'2025-04-30 06:12:46.048','2025-04-30 06:12:46.048',135),(40,14,0,0,0,0,'2025-04-30 06:12:46.052','2025-04-30 06:12:46.052',136),(40,29,0,0,0,0,'2025-04-30 06:12:46.056','2025-04-30 06:12:46.056',137),(40,28,0,0,0,0,'2025-04-30 06:12:46.059','2025-04-30 06:12:46.059',138),(40,32,0,0,0,0,'2025-04-30 06:12:46.063','2025-04-30 06:12:46.063',139),(40,11,0,0,0,0,'2025-04-30 06:12:46.067','2025-04-30 06:12:46.067',140),(40,10,0,0,0,0,'2025-04-30 06:12:46.071','2025-04-30 06:12:46.071',141),(40,23,0,0,0,0,'2025-04-30 06:12:46.074','2025-04-30 06:12:46.074',142),(40,29,0,0,0,0,'2025-04-30 06:12:46.078','2025-04-30 06:12:46.078',143),(40,11,0,0,0,0,'2025-04-30 06:12:46.082','2025-04-30 06:12:46.082',144),(39,9,0,0,0,0,'2025-04-30 06:12:46.085','2025-04-30 06:12:46.085',145),(39,10,0,0,0,0,'2025-04-30 06:12:46.089','2025-04-30 06:12:46.089',146),(39,12,0,0,0,0,'2025-04-30 06:12:46.093','2025-04-30 06:12:46.093',147),(39,11,0,0,0,0,'2025-04-30 06:12:46.097','2025-04-30 06:12:46.097',148),(39,14,0,0,0,0,'2025-04-30 06:12:46.100','2025-04-30 06:12:46.100',149),(39,19,0,0,0,0,'2025-04-30 06:12:46.104','2025-04-30 06:12:46.104',150),(39,28,0,0,0,0,'2025-04-30 06:12:46.108','2025-04-30 06:12:46.108',151),(39,20,0,0,0,0,'2025-04-30 06:12:46.112','2025-04-30 06:12:46.112',152),(39,10,0,0,0,0,'2025-04-30 06:12:46.115','2025-04-30 06:12:46.115',153),(39,19,0,0,0,0,'2025-04-30 06:12:46.119','2025-04-30 06:12:46.119',154),(39,28,0,0,0,0,'2025-04-30 06:12:46.123','2025-04-30 06:12:46.123',155),(39,10,0,0,0,0,'2025-04-30 06:12:46.127','2025-04-30 06:12:46.127',156),(39,19,0,0,0,0,'2025-04-30 06:12:46.130','2025-04-30 06:12:46.130',157),(39,10,0,0,0,0,'2025-04-30 06:12:46.134','2025-04-30 06:12:46.134',158),(39,19,0,0,0,0,'2025-04-30 06:12:46.138','2025-04-30 06:12:46.138',159),(39,28,0,0,0,0,'2025-04-30 06:12:46.142','2025-04-30 06:12:46.142',160),(39,40,0,0,0,0,'2025-04-30 06:12:46.145','2025-04-30 06:12:46.145',161),(39,15,0,0,0,0,'2025-04-30 06:12:46.149','2025-04-30 06:12:46.149',162),(40,11,0,0,0,0,'2025-04-30 06:12:46.153','2025-04-30 06:12:46.153',163),(40,23,0,0,0,0,'2025-04-30 06:12:46.157','2025-04-30 06:12:46.157',164),(42,2,0,0,0,0,'2025-04-30 06:12:46.161','2025-04-30 06:12:46.161',165),(42,1,0,0,0,0,'2025-04-30 06:12:46.165','2025-04-30 06:12:46.165',166),(39,23,0,0,0,0,'2025-04-30 06:12:46.169','2025-04-30 06:12:46.169',167),(39,13,0,0,0,0,'2025-04-30 06:12:46.173','2025-04-30 06:12:46.173',168),(39,23,0,0,0,0,'2025-04-30 06:12:46.178','2025-04-30 06:12:46.178',169),(39,10,0,0,0,0,'2025-04-30 06:12:46.182','2025-04-30 06:12:46.182',170),(42,3,0,0,0,0,'2025-04-30 06:12:46.185','2025-04-30 06:12:46.185',171),(42,4,0,0,0,0,'2025-04-30 06:12:46.189','2025-04-30 06:12:46.189',172),(42,5,0,0,0,0,'2025-04-30 06:12:46.193','2025-04-30 06:12:46.193',173),(42,6,0,0,0,0,'2025-04-30 06:12:46.197','2025-04-30 06:12:46.197',174),(42,9,0,0,0,0,'2025-04-30 06:12:46.201','2025-04-30 06:12:46.201',175),(42,7,0,0,0,0,'2025-04-30 06:12:46.205','2025-04-30 06:12:46.205',176),(42,9,0,0,0,0,'2025-04-30 06:12:46.209','2025-04-30 06:12:46.209',177),(42,2,0,0,0,0,'2025-04-30 06:12:46.213','2025-04-30 06:12:46.213',178),(42,3,0,0,0,0,'2025-04-30 06:12:46.217','2025-04-30 06:12:46.217',179),(42,6,0,0,0,0,'2025-04-30 06:12:46.220','2025-04-30 06:12:46.220',180),(42,3,0,0,0,0,'2025-04-30 06:12:46.224','2025-04-30 06:12:46.224',181),(42,9,0,0,0,0,'2025-04-30 06:12:46.228','2025-04-30 06:12:46.228',182),(43,2,1,0,0,0,'2025-04-30 22:11:35.690','2025-04-30 22:11:35.690',183),(43,1,0,0,0,0,'2025-04-30 22:11:35.713','2025-04-30 22:11:35.713',184),(43,5,0,0,0,0,'2025-04-30 22:12:15.862','2025-04-30 22:12:15.862',185),(43,3,0,0,0,4,'2025-04-30 22:12:15.867','2025-05-01 00:38:35.222',186),(43,8,2,0,0,0,'2025-04-30 22:12:42.906','2025-04-30 22:12:42.906',187),(43,4,4,0,0,0,'2025-04-30 22:12:42.912','2025-04-30 22:12:42.912',188),(43,7,3,0,0,0,'2025-04-30 22:13:08.030','2025-04-30 22:13:08.030',189),(43,9,3,0,0,0,'2025-04-30 22:13:08.043','2025-04-30 22:13:08.043',190),(43,2,1,0,0,2,'2025-04-30 22:13:32.733','2025-05-01 00:30:53.560',191),(43,5,1,0,0,0,'2025-04-30 22:13:32.737','2025-04-30 22:13:32.737',192),(43,7,4,0,0,0,'2025-04-30 22:13:57.744','2025-04-30 22:13:57.744',193),(43,4,3,0,0,0,'2025-04-30 22:13:57.751','2025-04-30 22:13:57.751',194),(43,5,2,0,0,0,'2025-04-30 22:14:21.467','2025-04-30 22:14:21.467',195),(43,7,3,0,0,0,'2025-04-30 22:14:21.479','2025-04-30 22:14:21.479',196);
/*!40000 ALTER TABLE `estadisticas` ENABLE KEYS */;
UNLOCK TABLES;

--
-- Table structure for table `miembro_equipos`
--

DROP TABLE IF EXISTS `miembro_equipos`;
/*!40101 SET @saved_cs_client     = @@character_set_client */;
/*!50503 SET character_set_client = utf8mb4 */;
CREATE TABLE `miembro_equipos` (
  `user_miembro` varchar(255) COLLATE utf8mb4_unicode_ci NOT NULL,
  `equipo_id` int unsigned NOT NULL,
  `created_at` datetime(3) DEFAULT CURRENT_TIMESTAMP(3),
  `updated_at` datetime(3) DEFAULT NULL,
  `id` int unsigned NOT NULL AUTO_INCREMENT,
  PRIMARY KEY (`id`),
  KEY `miembro_equipos_equipo_id_foreign` (`equipo_id`),
  CONSTRAINT `miembro_equipos_equipo_id_foreign` FOREIGN KEY (`equipo_id`) REFERENCES `equipos` (`id`) ON DELETE CASCADE ON UPDATE RESTRICT
) ENGINE=InnoDB AUTO_INCREMENT=41 DEFAULT CHARSET=utf8mb4 COLLATE=utf8mb4_unicode_ci;
/*!40101 SET character_set_client = @saved_cs_client */;

--
-- Dumping data for table `miembro_equipos`
--

LOCK TABLES `miembro_equipos` WRITE;
/*!40000 ALTER TABLE `miembro_equipos` DISABLE KEYS */;
INSERT INTO `miembro_equipos` VALUES ('Al',10,'2025-04-30 06:12:46.242','2025-04-30 06:12:46.242',1),('Gabriellia',38,'2025-04-30 06:12:46.253','2025-04-30 06:12:46.253',2),('Efra',26,'2025-04-30 06:12:46.258','2025-04-30 06:12:46.258',3),('Maribel',4,'2025-04-30 06:12:46.264','2025-04-30 06:12:46.264',4),('Maribel',41,'2025-04-30 06:12:46.270','2025-04-30 06:12:46.270',5),('Otis',49,'2025-04-30 06:12:46.275','2025-04-30 06:12:46.275',6),('Brock',47,'2025-04-30 06:12:46.281','2025-04-30 06:12:46.281',7),('Arvin',14,'2025-04-30 06:12:46.286','2025-04-30 06:12:46.286',8),('Jessa',20,'2025-04-30 06:12:46.292','2025-04-30 06:12:46.292',9),('Dante',36,'2025-04-30 06:12:46.298','2025-04-30 06:12:46.298',10),('Loretta',17,'2025-04-30 06:12:46.304','2025-04-30 06:12:46.304',11),('Arvin',33,'2025-04-30 06:12:46.309','2025-04-30 06:12:46.309',12),('Austine',45,'2025-04-30 06:12:46.315','2025-04-30 06:12:46.315',13),('Maribel',25,'2025-04-30 06:12:46.321','2025-04-30 06:12:46.321',14),('Austine',44,'2025-04-30 06:12:46.326','2025-04-30 06:12:46.326',15),('Dorie',20,'2025-04-30 06:12:46.332','2025-04-30 06:12:46.332',16),('Zola',13,'2025-04-30 06:12:46.337','2025-04-30 06:12:46.337',17),('Kirstyn',45,'2025-04-30 06:12:46.343','2025-04-30 06:12:46.343',18),('Fanchette',22,'2025-04-30 06:12:46.349','2025-04-30 06:12:46.349',19),('Loretta',27,'2025-04-30 06:12:46.355','2025-04-30 06:12:46.355',20),('Baxter',17,'2025-04-30 06:12:46.364','2025-04-30 06:12:46.364',21),('Baxter',10,'2025-04-30 06:12:46.371','2025-04-30 06:12:46.371',22),('Loretta',35,'2025-04-30 06:12:46.377','2025-04-30 06:12:46.377',23),('Hastings',9,'2025-04-30 06:12:46.477','2025-04-30 06:12:46.477',24),('Curran',27,'2025-04-30 06:12:46.700','2025-04-30 06:12:46.700',25),('Davon',7,'2025-04-30 06:12:46.719','2025-04-30 06:12:46.719',26),('Darlene',21,'2025-04-30 06:12:46.725','2025-04-30 06:12:46.725',27),('Annabel',33,'2025-04-30 06:12:46.731','2025-04-30 06:12:46.731',28),('Mickie',33,'2025-04-30 06:12:46.738','2025-04-30 06:12:46.738',29),('Laurie',3,'2025-04-30 06:12:46.745','2025-04-30 06:12:46.745',30),('Fanchette',7,'2025-04-30 06:12:46.754','2025-04-30 06:12:46.754',31),('Curran',7,'2025-04-30 06:12:46.769','2025-04-30 06:12:46.769',32),('Gavrielle',16,'2025-04-30 06:12:46.788','2025-04-30 06:12:46.788',33),('Annabel',5,'2025-04-30 06:12:46.795','2025-04-30 06:12:46.795',34),('Saloma',7,'2025-04-30 06:12:46.803','2025-04-30 06:12:46.803',35),('Brock',40,'2025-04-30 06:12:46.814','2025-04-30 06:12:46.814',36),('Maik',46,'2025-04-30 06:12:46.866','2025-04-30 06:12:46.866',37),('Cornall',46,'2025-04-30 06:12:46.872','2025-04-30 06:12:46.872',38),('Mickie',46,'2025-04-30 06:12:46.886','2025-04-30 06:12:46.886',39),('Alexandr',46,'2025-04-30 06:12:46.894','2025-04-30 06:12:46.894',40);
/*!40000 ALTER TABLE `miembro_equipos` ENABLE KEYS */;
UNLOCK TABLES;

--
-- Table structure for table `notifications`
--

DROP TABLE IF EXISTS `notifications`;
/*!40101 SET @saved_cs_client     = @@character_set_client */;
/*!50503 SET character_set_client = utf8mb4 */;
CREATE TABLE `notifications` (
  `equipo_id` int unsigned DEFAULT NULL,
  `torneo_id` int unsigned DEFAULT NULL,
  `user_id` int unsigned NOT NULL,
  `user_id2` int unsigned DEFAULT NULL,
  `status` enum('pending','accepted','rejected') COLLATE utf8mb4_unicode_ci NOT NULL DEFAULT 'pending',
  `created_at` datetime(3) DEFAULT CURRENT_TIMESTAMP(3),
  `updated_at` datetime(3) DEFAULT NULL,
  `id` int unsigned NOT NULL AUTO_INCREMENT,
  PRIMARY KEY (`id`),
  KEY `notifications_equipo_id_foreign` (`equipo_id`),
  KEY `notifications_torneo_id_foreign` (`torneo_id`),
  KEY `notifications_user_id2_foreign` (`user_id2`),
  KEY `notifications_user_id_foreign` (`user_id`),
  CONSTRAINT `notifications_equipo_id_foreign` FOREIGN KEY (`equipo_id`) REFERENCES `equipos` (`id`) ON DELETE CASCADE ON UPDATE RESTRICT,
  CONSTRAINT `notifications_torneo_id_foreign` FOREIGN KEY (`torneo_id`) REFERENCES `torneos` (`id`) ON DELETE CASCADE ON UPDATE RESTRICT,
  CONSTRAINT `notifications_user_id_foreign` FOREIGN KEY (`user_id`) REFERENCES `users` (`id`) ON DELETE CASCADE ON UPDATE RESTRICT
) ENGINE=InnoDB AUTO_INCREMENT=62 DEFAULT CHARSET=utf8mb4 COLLATE=utf8mb4_unicode_ci;
/*!40101 SET character_set_client = @saved_cs_client */;

--
-- Dumping data for table `notifications`
--

LOCK TABLES `notifications` WRITE;
/*!40000 ALTER TABLE `notifications` DISABLE KEYS */;
INSERT INTO `notifications` VALUES (20,29,51,50,'rejected','2025-04-30 06:12:47.069','2025-04-30 06:12:47.069',4),(3,22,51,30,'accepted','2025-04-30 06:12:47.076','2025-04-30 06:12:47.076',8),(5,39,50,51,'pending','2025-04-30 06:12:47.080','2025-04-30 06:12:47.080',9),(47,2,51,31,'pending','2025-04-30 06:12:47.084','2025-04-30 06:12:47.084',11),(41,32,23,37,'accepted','2025-04-30 06:12:47.088','2025-04-30 06:12:47.088',12),(31,19,42,25,'rejected','2025-04-30 06:12:47.092','2025-04-30 06:12:47.092',13),(42,3,42,42,'rejected','2025-04-30 06:12:47.096','2025-04-30 06:12:47.096',14),(12,16,39,47,'rejected','2025-04-30 06:12:47.100','2025-04-30 06:12:47.100',15),(24,29,16,7,'accepted','2025-04-30 06:12:47.104','2025-04-30 06:12:47.104',16),(43,12,25,24,'accepted','2025-04-30 06:12:47.108','2025-04-30 06:12:47.108',17),(30,34,33,3,'pending','2025-04-30 06:12:47.113','2025-04-30 06:12:47.113',18),(25,26,21,33,'rejected','2025-04-30 06:12:47.117','2025-04-30 06:12:47.117',19),(2,32,31,37,'rejected','2025-04-30 06:12:47.121','2025-04-30 06:12:47.121',20),(35,17,29,20,'pending','2025-04-30 06:12:47.125','2025-04-30 06:12:47.125',21),(36,14,2,3,'rejected','2025-04-30 06:12:47.129','2025-04-30 06:12:47.129',22),(13,12,47,14,'rejected','2025-04-30 06:12:47.133','2025-04-30 06:12:47.133',23),(27,3,3,30,'accepted','2025-04-30 06:12:47.137','2025-04-30 06:12:47.137',24),(36,3,8,36,'rejected','2025-04-30 06:12:47.141','2025-04-30 06:12:47.141',25),(14,34,11,30,'rejected','2025-04-30 06:12:47.145','2025-04-30 06:12:47.145',26),(28,10,26,46,'rejected','2025-04-30 06:12:47.149','2025-04-30 06:12:47.149',27),(45,11,3,20,'pending','2025-04-30 06:12:47.152','2025-04-30 06:12:47.152',28),(50,38,17,46,'accepted','2025-04-30 06:12:47.156','2025-04-30 06:12:47.156',29),(48,5,40,31,'accepted','2025-04-30 06:12:47.160','2025-04-30 06:12:47.160',30),(12,7,35,31,'rejected','2025-04-30 06:12:47.164','2025-04-30 06:12:47.164',31),(22,22,4,26,'accepted','2025-04-30 06:12:47.168','2025-04-30 06:12:47.168',32),(9,30,5,34,'accepted','2025-04-30 06:12:47.172','2025-04-30 06:12:47.172',33),(12,9,48,36,'rejected','2025-04-30 06:12:47.176','2025-04-30 06:12:47.176',34),(17,36,47,26,'pending','2025-04-30 06:12:47.180','2025-04-30 06:12:47.180',35),(2,1,40,33,'pending','2025-04-30 06:12:47.184','2025-04-30 06:12:47.184',36),(22,5,13,28,'pending','2025-04-30 06:12:47.188','2025-04-30 06:12:47.188',37),(14,17,9,34,'rejected','2025-04-30 06:12:47.192','2025-04-30 06:12:47.192',38),(49,10,49,30,'rejected','2025-04-30 06:12:47.196','2025-04-30 06:12:47.196',39),(28,39,9,45,'pending','2025-04-30 06:12:47.200','2025-04-30 06:12:47.200',40),(13,11,5,30,'accepted','2025-04-30 06:12:47.203','2025-04-30 06:12:47.203',41),(43,8,44,19,'rejected','2025-04-30 06:12:47.207','2025-04-30 06:12:47.207',42),(11,33,21,19,'rejected','2025-04-30 06:12:47.211','2025-04-30 06:12:47.211',43),(29,10,23,12,'accepted','2025-04-30 06:12:47.215','2025-04-30 06:12:47.215',44),(50,22,25,30,'accepted','2025-04-30 06:12:47.219','2025-04-30 06:12:47.219',45),(21,31,48,22,'pending','2025-04-30 06:12:47.223','2025-04-30 06:12:47.223',46),(1,27,10,36,'accepted','2025-04-30 06:12:47.227','2025-04-30 06:12:47.227',47),(43,33,51,42,'accepted','2025-04-30 06:12:47.231','2025-04-30 06:12:47.231',48),(1,25,24,7,'accepted','2025-04-30 06:12:47.235','2025-04-30 06:12:47.235',49),(21,23,28,30,'rejected','2025-04-30 06:12:47.239','2025-04-30 06:12:47.239',50),(48,19,47,26,'pending','2025-04-30 06:12:47.243','2025-04-30 06:12:47.243',51),(3,30,29,30,'accepted','2025-04-30 06:12:47.247','2025-04-30 06:12:47.247',52),(30,40,22,18,'accepted','2025-04-30 06:12:47.251','2025-04-30 06:12:47.251',53),(11,28,29,45,'accepted','2025-04-30 06:12:47.255','2025-04-30 06:12:47.255',54),(32,1,22,33,'rejected','2025-04-30 06:12:47.259','2025-04-30 06:12:47.259',55),(14,8,18,42,'rejected','2025-04-30 06:12:47.262','2025-04-30 06:12:47.262',56),(44,39,24,51,'rejected','2025-04-30 06:12:47.266','2025-04-30 06:12:47.266',57),(28,3,29,9,'pending','2025-04-30 06:12:47.270','2025-04-30 06:12:47.270',58),(50,6,49,22,'pending','2025-04-30 06:12:47.274','2025-04-30 06:12:47.274',59),(44,16,15,50,'rejected','2025-04-30 06:12:47.277','2025-04-30 06:12:47.277',60),(9,16,44,5,'accepted','2025-04-30 06:12:47.281','2025-04-30 06:12:47.281',61);
/*!40000 ALTER TABLE `notifications` ENABLE KEYS */;
UNLOCK TABLES;

--
-- Table structure for table `partidos`
--

DROP TABLE IF EXISTS `partidos`;
/*!40101 SET @saved_cs_client     = @@character_set_client */;
/*!50503 SET character_set_client = utf8mb4 */;
CREATE TABLE `partidos` (
  `id` int unsigned NOT NULL AUTO_INCREMENT,
  `horaPartido` time NOT NULL,
  `fechaPartido` date NOT NULL,
  `jornada` date NOT NULL,
  `resLocal` int unsigned DEFAULT NULL,
  `resVisitante` int unsigned DEFAULT NULL,
  `equipoLocal_id` int unsigned NOT NULL,
  `equipoVisitante_id` int unsigned NOT NULL,
  `torneo_id` int unsigned NOT NULL,
  `created_at` datetime(3) DEFAULT CURRENT_TIMESTAMP(3),
  `updated_at` datetime(3) DEFAULT NULL,
  `ordenPartido` int unsigned DEFAULT NULL,
  PRIMARY KEY (`id`),
  KEY `partidos_equipolocal_id_foreign` (`equipoLocal_id`),
  KEY `partidos_equipovisitante_id_foreign` (`equipoVisitante_id`),
  KEY `partidos_torneo_id_foreign` (`torneo_id`),
  CONSTRAINT `partidos_equipolocal_id_foreign` FOREIGN KEY (`equipoLocal_id`) REFERENCES `equipos` (`id`) ON DELETE RESTRICT ON UPDATE RESTRICT,
  CONSTRAINT `partidos_equipovisitante_id_foreign` FOREIGN KEY (`equipoVisitante_id`) REFERENCES `equipos` (`id`) ON DELETE RESTRICT ON UPDATE RESTRICT,
  CONSTRAINT `partidos_torneo_id_foreign` FOREIGN KEY (`torneo_id`) REFERENCES `torneos` (`id`) ON DELETE CASCADE ON UPDATE RESTRICT
) ENGINE=InnoDB AUTO_INCREMENT=106 DEFAULT CHARSET=utf8mb4 COLLATE=utf8mb4_unicode_ci;
/*!40101 SET character_set_client = @saved_cs_client */;

--
-- Dumping data for table `partidos`
--

LOCK TABLES `partidos` WRITE;
/*!40000 ALTER TABLE `partidos` DISABLE KEYS */;
INSERT INTO `partidos` VALUES (1,'01:01:36','2023-11-25','2024-08-27',10,7,46,26,21,'2025-04-30 06:12:45.107','2025-04-30 06:12:45.107',NULL),(2,'07:18:57','2024-05-27','2023-12-01',8,1,10,39,16,'2025-04-30 06:12:45.116','2025-04-30 06:12:45.116',NULL),(3,'21:07:28','2024-02-03','2024-02-03',8,1,30,31,6,'2025-04-30 06:12:45.120','2025-04-30 06:12:45.120',NULL),(4,'22:02:15','2024-04-26','2024-04-14',4,5,42,27,7,'2025-04-30 06:12:45.125','2025-04-30 06:12:45.125',NULL),(5,'09:56:52','2024-04-28','2024-04-22',7,4,13,19,26,'2025-04-30 06:12:45.129','2025-04-30 06:12:45.129',NULL),(6,'22:28:25','2023-12-25','2023-11-01',10,7,12,19,22,'2025-04-30 06:12:45.133','2025-04-30 06:12:45.133',NULL),(7,'04:04:43','2024-02-14','2024-02-23',6,7,50,46,33,'2025-04-30 06:12:45.138','2025-04-30 06:12:45.138',NULL),(8,'07:00:19','2023-10-07','2024-06-07',6,8,28,16,36,'2025-04-30 06:12:45.142','2025-04-30 06:12:45.142',NULL),(9,'01:23:02','2023-10-19','2024-06-07',10,7,31,14,28,'2025-04-30 06:12:45.146','2025-04-30 06:12:45.146',NULL),(10,'02:19:16','2024-02-06','2024-07-27',8,7,22,22,30,'2025-04-30 06:12:45.150','2025-04-30 06:12:45.150',NULL),(11,'20:18:52','2024-10-04','2023-10-28',2,6,10,46,20,'2025-04-30 06:12:45.154','2025-04-30 06:12:45.154',NULL),(12,'07:50:22','2024-04-22','2024-03-20',2,10,45,42,36,'2025-04-30 06:12:45.159','2025-04-30 06:12:45.159',NULL),(13,'01:45:48','2024-03-27','2023-12-17',8,1,25,27,14,'2025-04-30 06:12:45.163','2025-04-30 06:12:45.163',NULL),(14,'06:08:34','2024-09-21','2024-06-15',2,4,2,20,17,'2025-04-30 06:12:45.167','2025-04-30 06:12:45.167',NULL),(15,'21:10:20','2024-08-16','2023-12-23',6,6,48,32,17,'2025-04-30 06:12:45.171','2025-04-30 06:12:45.171',NULL),(16,'03:31:23','2024-02-16','2024-01-09',9,5,19,21,19,'2025-04-30 06:12:45.176','2025-04-30 06:12:45.176',NULL),(17,'01:40:54','2023-12-07','2024-07-23',1,5,43,47,37,'2025-04-30 06:12:45.180','2025-04-30 06:12:45.180',NULL),(18,'10:39:13','2024-10-13','2024-09-25',4,5,7,47,15,'2025-04-30 06:12:45.184','2025-04-30 06:12:45.184',NULL),(19,'08:34:33','2023-10-18','2023-12-27',7,3,19,32,25,'2025-04-30 06:12:45.189','2025-04-30 06:12:45.189',NULL),(20,'10:48:54','2024-04-05','2024-04-18',8,9,28,31,6,'2025-04-30 06:12:45.193','2025-04-30 06:12:45.193',NULL),(21,'01:42:09','2024-06-15','2024-01-12',10,5,7,25,30,'2025-04-30 06:12:45.197','2025-04-30 06:12:45.197',NULL),(22,'06:01:19','2023-10-15','2024-10-04',4,4,47,3,17,'2025-04-30 06:12:45.201','2025-04-30 06:12:45.201',NULL),(23,'04:22:45','2024-02-02','2024-05-28',6,3,45,3,2,'2025-04-30 06:12:45.205','2025-04-30 06:12:45.205',NULL),(24,'10:58:34','2024-03-08','2024-10-05',3,9,24,41,33,'2025-04-30 06:12:45.209','2025-04-30 06:12:45.209',NULL),(25,'21:24:18','2024-04-01','2024-03-28',8,4,31,42,23,'2025-04-30 06:12:45.214','2025-04-30 06:12:45.214',NULL),(26,'23:26:26','2024-09-29','2024-07-14',7,2,35,48,18,'2025-04-30 06:12:45.218','2025-04-30 06:12:45.218',NULL),(27,'20:31:17','2023-09-08','2024-08-01',5,3,37,42,11,'2025-04-30 06:12:45.222','2025-04-30 06:12:45.222',NULL),(28,'00:48:06','2023-10-13','2023-09-09',6,6,29,3,26,'2025-04-30 06:12:45.226','2025-04-30 06:12:45.226',NULL),(29,'22:08:05','2023-09-19','2024-04-01',8,2,6,36,25,'2025-04-30 06:12:45.230','2025-04-30 06:12:45.230',NULL),(30,'03:18:17','2023-12-25','2023-09-05',4,3,5,25,6,'2025-04-30 06:12:45.234','2025-04-30 06:12:45.234',NULL),(31,'23:26:09','2024-03-08','2023-11-28',9,8,30,7,7,'2025-04-30 06:12:45.238','2025-04-30 06:12:45.238',NULL),(32,'04:42:32','2024-09-26','2024-06-26',1,8,5,36,4,'2025-04-30 06:12:45.242','2025-04-30 06:12:45.242',NULL),(33,'22:55:23','2023-12-14','2024-07-05',5,3,28,40,22,'2025-04-30 06:12:45.247','2025-04-30 06:12:45.247',NULL),(34,'04:41:53','2023-12-12','2023-11-20',9,5,17,50,2,'2025-04-30 06:12:45.251','2025-04-30 06:12:45.251',NULL),(35,'21:20:03','2024-02-08','2023-09-02',10,10,48,28,35,'2025-04-30 06:12:45.256','2025-04-30 06:12:45.256',NULL),(36,'22:09:39','2023-10-06','2024-06-27',4,7,48,43,17,'2025-04-30 06:12:45.260','2025-04-30 06:12:45.260',NULL),(37,'01:46:35','2024-02-10','2024-06-09',9,6,49,22,33,'2025-04-30 06:12:45.264','2025-04-30 06:12:45.264',NULL),(38,'01:18:00','2025-03-23','2025-03-28',5,6,5,2,41,'2025-04-30 06:12:45.269','2025-04-30 06:12:45.269',NULL),(39,'01:23:00','2025-03-22','2025-03-22',4,5,7,4,41,'2025-04-30 06:12:45.273','2025-04-30 06:12:45.273',NULL),(40,'01:23:00','2025-03-23','2025-03-21',8,9,10,3,41,'2025-04-30 06:12:45.277','2025-04-30 06:12:45.277',NULL),(41,'01:24:00','2025-03-23','2025-03-29',6,4,9,12,41,'2025-04-30 06:12:45.281','2025-04-30 06:12:45.281',NULL),(42,'01:24:00','2025-03-29','2025-03-22',0,0,14,6,41,'2025-04-30 06:12:45.285','2025-04-30 06:12:45.285',NULL),(43,'01:25:00','2025-03-22','2025-03-22',6,4,11,8,41,'2025-04-30 06:12:45.289','2025-04-30 06:12:45.289',NULL),(44,'01:25:00','2025-03-23','2025-03-29',0,0,19,15,41,'2025-04-30 06:12:45.293','2025-04-30 06:12:45.293',NULL),(45,'01:24:00','2025-03-22','2025-03-28',3,6,17,22,41,'2025-04-30 06:12:45.298','2025-04-30 06:12:45.298',NULL),(46,'03:17:00','2025-03-23','2025-03-22',3,4,2,4,41,'2025-04-30 06:12:45.303','2025-04-30 06:12:45.303',NULL),(47,'04:00:00','2025-03-30','2025-03-29',4,5,3,19,41,'2025-04-30 06:12:45.307','2025-04-30 06:12:45.307',NULL),(48,'05:24:00','2025-03-23','2025-03-29',3,2,11,22,41,'2025-04-30 06:12:45.311','2025-04-30 06:12:45.311',NULL),(49,'05:24:00','2025-03-22','2025-03-22',3,2,9,14,41,'2025-04-30 06:12:45.315','2025-04-30 06:12:45.315',NULL),(50,'05:26:00','2025-03-30','2025-03-26',3,5,4,11,41,'2025-04-30 06:12:45.319','2025-04-30 06:12:45.319',NULL),(51,'05:34:00','2025-03-22','2025-03-28',2,1,19,9,41,'2025-04-30 06:12:45.323','2025-04-30 06:12:45.323',NULL),(52,'05:37:00','2025-03-29','2025-03-29',11,0,19,11,41,'2025-04-30 06:12:45.327','2025-04-30 06:12:45.327',NULL),(53,'05:37:00','2025-01-25','2025-01-17',0,0,1,2,40,'2025-04-30 06:12:45.332','2025-04-30 06:12:45.332',NULL),(54,'05:37:00','2025-01-26','2025-01-17',1,2,4,3,40,'2025-04-30 06:12:45.336','2025-04-30 06:12:45.336',NULL),(55,'05:37:00','2025-02-13','2025-02-21',2,0,5,6,40,'2025-04-30 06:12:45.340','2025-04-30 06:12:45.340',NULL),(56,'05:38:00','2025-03-29','2025-01-18',0,2,7,8,40,'2025-04-30 06:12:45.345','2025-04-30 06:12:45.345',NULL),(57,'05:37:00','2025-02-22','2025-02-21',0,2,9,10,40,'2025-04-30 06:12:45.350','2025-04-30 06:12:45.350',NULL),(58,'05:38:00','2025-04-18','2025-02-20',0,0,11,12,40,'2025-04-30 06:12:45.356','2025-04-30 06:12:45.356',NULL),(59,'05:38:00','2025-01-18','2025-02-07',0,2,13,14,40,'2025-04-30 06:12:45.361','2025-04-30 06:12:45.361',NULL),(60,'05:38:00','2025-02-27','2025-02-20',2,0,15,16,40,'2025-04-30 06:12:45.365','2025-04-30 06:12:45.365',NULL),(61,'05:39:00','2025-03-17','2025-02-27',2,0,17,18,40,'2025-04-30 06:12:45.369','2025-04-30 06:12:45.369',NULL),(62,'05:38:00','2025-02-28','2025-02-27',2,0,19,20,40,'2025-04-30 06:12:45.373','2025-04-30 06:12:45.373',NULL),(63,'05:39:00','2025-02-27','2025-02-19',2,0,21,22,40,'2025-04-30 06:12:45.377','2025-04-30 06:12:45.377',NULL),(64,'05:41:00','2025-01-26','2025-01-24',4,0,23,24,40,'2025-04-30 06:12:45.382','2025-04-30 06:12:45.382',NULL),(65,'05:40:00','2025-02-01','2025-01-31',0,4,25,26,40,'2025-04-30 06:12:45.386','2025-04-30 06:12:45.386',NULL),(66,'05:40:00','2025-02-27','2025-02-07',0,4,27,28,40,'2025-04-30 06:12:45.390','2025-04-30 06:12:45.390',NULL),(67,'05:41:00','2025-02-27','2025-02-13',2,0,29,30,40,'2025-04-30 06:12:45.395','2025-04-30 06:12:45.395',NULL),(68,'05:41:00','2025-01-24','2025-01-24',0,4,31,32,40,'2025-04-30 06:12:45.399','2025-04-30 06:12:45.399',NULL),(69,'05:41:00','2025-01-18','2025-01-31',0,5,1,32,40,'2025-04-30 06:12:45.403','2025-04-30 06:12:45.403',NULL),(70,'05:44:00','2025-01-18','2025-01-24',0,6,5,15,40,'2025-04-30 06:12:45.407','2025-04-30 06:12:45.407',NULL),(71,'05:45:00','2025-02-08','2025-01-31',0,2,3,14,40,'2025-04-30 06:12:45.411','2025-04-30 06:12:45.411',NULL),(72,'05:44:00','2025-01-26','2025-02-07',2,0,10,21,40,'2025-04-30 06:12:45.416','2025-04-30 06:12:45.416',NULL),(73,'05:46:00','2025-02-14','2025-02-27',0,2,26,28,40,'2025-04-30 06:12:45.420','2025-04-30 06:12:45.420',NULL),(74,'05:45:00','2025-02-22','2025-01-24',2,0,29,8,40,'2025-04-30 06:12:45.424','2025-04-30 06:12:45.424',NULL),(75,'05:46:00','2025-02-21','2025-02-21',2,0,23,19,40,'2025-04-30 06:12:45.428','2025-04-30 06:12:45.428',NULL),(76,'05:46:00','2025-02-27','2025-03-06',0,2,17,11,40,'2025-04-30 06:12:45.432','2025-04-30 06:12:45.432',NULL),(77,'05:46:00','2025-01-25','2025-02-01',0,2,15,10,40,'2025-04-30 06:12:45.437','2025-04-30 06:12:45.437',NULL),(78,'05:46:00','2025-01-23','2025-01-24',2,0,23,14,40,'2025-04-30 06:12:45.441','2025-04-30 06:12:45.441',NULL),(79,'05:48:00','2025-02-21','2025-01-24',2,0,29,28,40,'2025-04-30 06:12:45.445','2025-04-30 06:12:45.445',NULL),(80,'05:47:00','2025-01-25','2025-01-24',0,2,32,11,40,'2025-04-30 06:12:45.449','2025-04-30 06:12:45.449',NULL),(81,'05:48:00','2025-02-01','2025-01-31',0,3,10,23,40,'2025-04-30 06:12:45.454','2025-04-30 06:12:45.454',NULL),(82,'05:48:00','2025-01-25','2025-01-25',0,3,29,11,40,'2025-04-30 06:12:45.458','2025-04-30 06:12:45.458',NULL),(83,'11:54:00','2025-02-28','2025-03-07',1,2,9,10,39,'2025-04-30 06:12:45.462','2025-04-30 06:12:45.462',0),(84,'23:49:00','2025-02-14','2025-02-21',1,2,12,11,39,'2025-04-30 06:12:45.467','2025-04-30 06:12:45.467',1),(85,'05:47:00','2025-02-27','2025-02-14',0,2,14,19,39,'2025-04-30 06:12:45.471','2025-04-30 06:12:45.471',2),(86,'05:49:00','2025-02-22','2025-03-06',2,0,28,20,39,'2025-04-30 06:12:45.475','2025-04-30 06:12:45.475',3),(87,'13:05:00','2025-02-17','2025-02-28',0,2,10,11,39,'2025-04-30 06:12:45.479','2025-04-30 06:12:45.479',4),(88,'19:45:00','2025-03-27','2025-04-04',0,0,19,28,39,'2025-04-30 06:12:45.484','2025-04-30 06:12:45.484',5),(89,'13:59:00','2025-03-01','2025-02-21',0,0,40,15,39,'2025-04-30 06:12:45.488','2025-04-30 06:12:45.488',6),(90,'06:29:00','2025-02-20','2025-03-06',1,4,11,23,40,'2025-04-30 06:12:45.492','2025-04-30 06:12:45.492',NULL),(91,'06:39:00','2025-02-28','2025-03-20',0,0,2,1,42,'2025-04-30 06:12:45.496','2025-04-30 06:12:45.496',2),(92,'06:14:00','2025-02-19','2025-02-21',2,0,23,13,39,'2025-04-30 06:12:45.500','2025-04-30 06:12:45.500',7),(93,'00:35:00','2025-03-08','2025-02-21',4,0,3,4,42,'2025-04-30 06:12:45.505','2025-04-30 06:12:45.505',1),(94,'00:36:00','2025-03-02','2025-03-21',0,3,5,6,42,'2025-04-30 06:12:45.509','2025-04-30 06:12:45.509',0),(95,'18:36:00','2025-03-20','2025-03-21',5,2,9,7,42,'2025-04-30 06:12:45.513','2025-04-30 06:12:45.513',3),(96,'06:46:00','2025-03-22','2025-03-29',7,3,9,2,42,'2025-04-30 06:12:45.518','2025-04-30 06:12:45.518',5),(97,'03:26:00','2025-03-01','2025-02-21',6,3,3,6,42,'2025-04-30 06:12:45.522','2025-04-30 06:12:45.522',4),(98,'03:54:00','2025-03-21','2025-03-28',5,3,3,9,42,'2025-04-30 06:12:45.527','2025-04-30 06:12:45.527',6),(99,'22:05:00','2025-05-02','2025-05-02',1,0,2,1,43,'2025-04-30 22:11:35.669','2025-04-30 22:11:35.669',0),(100,'22:15:00','2025-05-02','2025-05-03',0,0,5,3,43,'2025-04-30 22:12:15.852','2025-04-30 22:12:15.852',1),(101,'22:16:00','2025-05-02','2025-05-03',2,4,8,4,43,'2025-04-30 22:12:42.896','2025-04-30 22:12:42.896',2),(102,'22:15:00','2025-05-03','2025-05-09',3,3,7,9,43,'2025-04-30 22:13:08.002','2025-04-30 22:13:08.002',3),(103,'01:13:00','2025-05-04','2025-05-09',1,1,2,5,43,'2025-04-30 22:13:32.727','2025-04-30 22:13:32.727',4),(104,'22:16:00','2025-05-04','2025-05-10',4,3,7,4,43,'2025-04-30 22:13:57.737','2025-04-30 22:13:57.737',5),(105,'22:17:00','2025-05-05','2025-05-09',2,3,5,7,43,'2025-04-30 22:14:21.454','2025-04-30 22:14:21.454',6);
/*!40000 ALTER TABLE `partidos` ENABLE KEYS */;
UNLOCK TABLES;

--
-- Table structure for table `password_reset_tokens`
--

DROP TABLE IF EXISTS `password_reset_tokens`;
/*!40101 SET @saved_cs_client     = @@character_set_client */;
/*!50503 SET character_set_client = utf8mb4 */;
CREATE TABLE `password_reset_tokens` (
  `email` varchar(255) COLLATE utf8mb4_unicode_ci NOT NULL,
  `token` varchar(255) COLLATE utf8mb4_unicode_ci NOT NULL,
  `created_at` datetime(3) DEFAULT CURRENT_TIMESTAMP(3),
  KEY `password_reset_tokens_email_index` (`email`)
) ENGINE=InnoDB DEFAULT CHARSET=utf8mb4 COLLATE=utf8mb4_unicode_ci;
/*!40101 SET character_set_client = @saved_cs_client */;

--
-- Dumping data for table `password_reset_tokens`
--

LOCK TABLES `password_reset_tokens` WRITE;
/*!40000 ALTER TABLE `password_reset_tokens` DISABLE KEYS */;
/*!40000 ALTER TABLE `password_reset_tokens` ENABLE KEYS */;
UNLOCK TABLES;

--
-- Table structure for table `personal_access_tokens`
--

DROP TABLE IF EXISTS `personal_access_tokens`;
/*!40101 SET @saved_cs_client     = @@character_set_client */;
/*!50503 SET character_set_client = utf8mb4 */;
CREATE TABLE `personal_access_tokens` (
  `id` int unsigned NOT NULL AUTO_INCREMENT,
  `tokenable_type` varchar(255) COLLATE utf8mb4_unicode_ci NOT NULL,
  `tokenable_id` int unsigned NOT NULL,
  `name` varchar(255) COLLATE utf8mb4_unicode_ci NOT NULL,
  `token` varchar(64) COLLATE utf8mb4_unicode_ci NOT NULL,
  `abilities` text COLLATE utf8mb4_unicode_ci,
  `last_used_at` timestamp NULL DEFAULT NULL,
  `expires_at` timestamp NULL DEFAULT NULL,
  `created_at` datetime(3) DEFAULT CURRENT_TIMESTAMP(3),
  `updated_at` datetime(3) DEFAULT NULL,
  PRIMARY KEY (`id`),
  UNIQUE KEY `personal_access_tokens_token_unique` (`token`),
  KEY `personal_access_tokens_tokenable_type_tokenable_id_index` (`tokenable_type`,`tokenable_id`)
) ENGINE=InnoDB DEFAULT CHARSET=utf8mb4 COLLATE=utf8mb4_unicode_ci;
/*!40101 SET character_set_client = @saved_cs_client */;

--
-- Dumping data for table `personal_access_tokens`
--

LOCK TABLES `personal_access_tokens` WRITE;
/*!40000 ALTER TABLE `personal_access_tokens` DISABLE KEYS */;
/*!40000 ALTER TABLE `personal_access_tokens` ENABLE KEYS */;
UNLOCK TABLES;

--
-- Table structure for table `torneos`
--

DROP TABLE IF EXISTS `torneos`;
/*!40101 SET @saved_cs_client     = @@character_set_client */;
/*!50503 SET character_set_client = utf8mb4 */;
CREATE TABLE `torneos` (
  `id` int unsigned NOT NULL AUTO_INCREMENT,
  `name` varchar(255) COLLATE utf8mb4_unicode_ci NOT NULL,
  `ubicacion` varchar(255) COLLATE utf8mb4_unicode_ci NOT NULL,
  `descripcion` varchar(255) COLLATE utf8mb4_unicode_ci NOT NULL,
  `fechaInicio` date NOT NULL,
  `fechaFin` date NOT NULL,
  `cantEquipo` int unsigned NOT NULL DEFAULT '0',
  `user_id` int unsigned NOT NULL,
  `created_at` datetime(3) DEFAULT CURRENT_TIMESTAMP(3),
  `updated_at` datetime(3) DEFAULT NULL,
  PRIMARY KEY (`id`),
  KEY `torneos_user_id_foreign` (`user_id`),
  CONSTRAINT `torneos_user_id_foreign` FOREIGN KEY (`user_id`) REFERENCES `users` (`id`) ON DELETE CASCADE ON UPDATE RESTRICT
) ENGINE=InnoDB AUTO_INCREMENT=45 DEFAULT CHARSET=utf8mb4 COLLATE=utf8mb4_unicode_ci;
/*!40101 SET character_set_client = @saved_cs_client */;

--
-- Dumping data for table `torneos`
--

LOCK TABLES `torneos` WRITE;
/*!40000 ALTER TABLE `torneos` DISABLE KEYS */;
INSERT INTO `torneos` VALUES (1,'Konklux','Burch','descripcion','2023-10-05','2023-10-06',8,23,'2025-04-30 06:12:44.921','2025-04-30 06:12:44.921'),(2,'Stim','Towsey','descripcion','2024-08-27','2024-07-06',8,31,'2025-04-30 06:12:44.930','2025-04-30 06:12:44.930'),(3,'Wrapsafe','Duck','descripcion','2023-12-02','2024-02-10',8,4,'2025-04-30 06:12:44.934','2025-04-30 06:12:44.934'),(4,'Lotstring','Oliveras','descripcion','2024-02-06','2024-02-04',8,28,'2025-04-30 06:12:44.938','2025-04-30 06:12:44.938'),(5,'Toughjoyfax','Huyche','descripcion','2023-09-18','2024-08-15',8,36,'2025-04-30 06:12:44.942','2025-04-30 06:12:44.942'),(6,'Job','Flieger','descripcion','2024-07-04','2024-04-05',8,33,'2025-04-30 06:12:44.946','2025-04-30 06:12:44.946'),(7,'Y-Solowarm','Wardle','descripcion','2023-11-30','2024-03-27',8,39,'2025-04-30 06:12:44.951','2025-04-30 06:12:44.951'),(8,'Solarbreeze','Despenser','descripcion','2023-09-22','2024-03-01',8,47,'2025-04-30 06:12:44.955','2025-04-30 06:12:44.955'),(9,'Bigtax','Eddowis','descripcion','2024-03-07','2024-06-18',8,1,'2025-04-30 06:12:44.959','2025-04-30 06:12:44.959'),(10,'Y-Solowarm','Kerin','descripcion','2023-11-03','2023-11-06',8,5,'2025-04-30 06:12:44.964','2025-04-30 06:12:44.964'),(11,'Y-Solowarm','Bolding','descripcion','2023-09-21','2024-02-07',8,5,'2025-04-30 06:12:44.969','2025-04-30 06:12:44.969'),(12,'Home Ing','Taborre','descripcion','2024-04-06','2024-06-27',8,50,'2025-04-30 06:12:44.974','2025-04-30 06:12:44.974'),(13,'Quo Lux','Elford','descripcion','2024-02-03','2023-12-17',8,34,'2025-04-30 06:12:44.978','2025-04-30 06:12:44.978'),(14,'Biodex','Duxbarry','descripcion','2024-07-23','2023-10-30',8,23,'2025-04-30 06:12:44.983','2025-04-30 06:12:44.983'),(15,'Y-find','Kenzie','descripcion','2024-07-10','2023-11-14',8,28,'2025-04-30 06:12:44.987','2025-04-30 06:12:44.987'),(16,'Konklux','Shaul','descripcion','2023-09-14','2024-01-10',8,30,'2025-04-30 06:12:44.991','2025-04-30 06:12:44.991'),(17,'Ronstring','Itzkovich','descripcion','2024-05-12','2024-04-02',8,48,'2025-04-30 06:12:44.995','2025-04-30 06:12:44.995'),(18,'Y-Solowarm','Hame','descripcion','2024-03-11','2023-12-14',8,28,'2025-04-30 06:12:44.999','2025-04-30 06:12:44.999'),(19,'Otcom','Krollman','descripcion','2024-04-18','2023-12-13',8,35,'2025-04-30 06:12:45.004','2025-04-30 06:12:45.004'),(20,'Holdlamis','Acott','descripcion','2024-01-15','2024-06-29',8,40,'2025-04-30 06:12:45.008','2025-04-30 06:12:45.008'),(21,'It','Tipper','descripcion','2024-01-08','2023-12-21',8,20,'2025-04-30 06:12:45.012','2025-04-30 06:12:45.012'),(22,'Bigtax','Jeyness','descripcion','2024-07-28','2024-04-19',8,15,'2025-04-30 06:12:45.016','2025-04-30 06:12:45.016'),(23,'Gembucket','Banks','descripcion','2023-10-21','2024-04-08',8,13,'2025-04-30 06:12:45.021','2025-04-30 06:12:45.021'),(24,'Fintone','Maddigan','descripcion','2024-07-25','2023-10-24',8,43,'2025-04-30 06:12:45.025','2025-04-30 06:12:45.025'),(25,'Voyatouch','MacDuffie','descripcion','2024-02-13','2024-07-23',8,15,'2025-04-30 06:12:45.029','2025-04-30 06:12:45.029'),(26,'Wrapsafe','Tremathack','descripcion','2023-10-31','2024-03-06',8,11,'2025-04-30 06:12:45.033','2025-04-30 06:12:45.033'),(27,'Alpha','Dufoure','descripcion','2024-05-23','2024-01-03',8,48,'2025-04-30 06:12:45.038','2025-04-30 06:12:45.038'),(28,'Regrant','Baumaier','descripcion','2024-06-01','2024-10-20',8,9,'2025-04-30 06:12:45.042','2025-04-30 06:12:45.042'),(29,'Stim','Wreak','descripcion','2024-01-27','2024-06-15',8,14,'2025-04-30 06:12:45.046','2025-04-30 06:12:45.046'),(30,'Domainer','Spillman','descripcion','2023-11-02','2023-12-24',8,43,'2025-04-30 06:12:45.050','2025-04-30 06:12:45.050'),(31,'Bitchip','McGlew','descripcion','2024-07-10','2024-03-29',8,32,'2025-04-30 06:12:45.054','2025-04-30 06:12:45.054'),(32,'Fix San','Avramovitz','descripcion','2023-10-04','2024-06-11',8,41,'2025-04-30 06:12:45.058','2025-04-30 06:12:45.058'),(33,'Bigtax','Palmer','descripcion','2024-02-15','2024-07-10',8,28,'2025-04-30 06:12:45.062','2025-04-30 06:12:45.062'),(34,'Viva','Fletcher','descripcion','2023-12-12','2023-12-16',8,35,'2025-04-30 06:12:45.068','2025-04-30 06:12:45.068'),(35,'Span','Ingle','descripcion','2024-08-10','2024-09-21',8,21,'2025-04-30 06:12:45.072','2025-04-30 06:12:45.072'),(36,'Namfix','Stendell','descripcion','2023-10-10','2024-09-22',8,35,'2025-04-30 06:12:45.076','2025-04-30 06:12:45.076'),(37,'Viva','Marriot','descripcion','2023-11-14','2024-09-14',8,43,'2025-04-30 06:12:45.080','2025-04-30 06:12:45.080'),(38,'Kanlam','Balharrie','descripcion','2024-01-05','2024-03-30',8,6,'2025-04-30 06:12:45.084','2025-04-30 06:12:45.084'),(39,'Temp','Pendrill','descripcion','2025-02-12','2025-09-04',16,51,'2025-04-30 06:12:45.090','2025-04-30 06:12:45.090'),(40,'Home Ing','Verrall','descripcion','2025-01-17','2025-12-29',32,51,'2025-04-30 06:12:45.094','2025-04-30 06:12:45.094'),(41,'Torneito','Verralls','descripcion','2025-03-21','2025-03-29',16,51,'2025-04-30 06:12:45.099','2025-04-30 06:12:45.099'),(42,'Kiep','dsadas','dsa','2025-02-21','2025-05-01',8,51,'2025-04-30 06:12:45.103','2025-04-30 06:12:45.103'),(43,'AiSport','GDL','Inaguration Tournament!','2025-05-01','2025-05-10',8,51,'2025-04-30 21:48:28.847','2025-04-30 22:02:41.134'),(44,'tst','any','decp','2025-05-01','2025-05-10',8,51,'2025-04-30 21:50:21.196','2025-04-30 21:50:21.196');
/*!40000 ALTER TABLE `torneos` ENABLE KEYS */;
UNLOCK TABLES;

--
-- Table structure for table `users`
--

DROP TABLE IF EXISTS `users`;
/*!40101 SET @saved_cs_client     = @@character_set_client */;
/*!50503 SET character_set_client = utf8mb4 */;
CREATE TABLE `users` (
  `id` int unsigned NOT NULL AUTO_INCREMENT,
  `name` varchar(60) COLLATE utf8mb4_unicode_ci NOT NULL,
  `fsurname` varchar(50) COLLATE utf8mb4_unicode_ci NOT NULL,
  `msurname` varchar(50) COLLATE utf8mb4_unicode_ci NOT NULL,
  `nickname` varchar(50) COLLATE utf8mb4_unicode_ci DEFAULT NULL,
  `email` varchar(255) COLLATE utf8mb4_unicode_ci NOT NULL,
  `gender` varchar(255) COLLATE utf8mb4_unicode_ci NOT NULL DEFAULT 'N/E',
  `password` varchar(255) COLLATE utf8mb4_unicode_ci NOT NULL,
  `birthdate` date NOT NULL DEFAULT (_utf8mb4'2023-12-01'),
  `image` varchar(255) COLLATE utf8mb4_unicode_ci NOT NULL DEFAULT 'logoPerfil.jpg',
  `remember_token` varchar(100) COLLATE utf8mb4_unicode_ci DEFAULT NULL,
  `created_at` datetime(3) DEFAULT CURRENT_TIMESTAMP(3),
  `updated_at` datetime(3) DEFAULT NULL,
  `resetPasswordExpires` datetime(3) DEFAULT NULL,
  `resetPasswordToken` varchar(191) COLLATE utf8mb4_unicode_ci DEFAULT NULL,
  PRIMARY KEY (`id`),
  UNIQUE KEY `users_email_unique` (`email`),
  UNIQUE KEY `users_nickname_unique` (`nickname`)
) ENGINE=InnoDB AUTO_INCREMENT=52 DEFAULT CHARSET=utf8mb4 COLLATE=utf8mb4_unicode_ci;
/*!40101 SET character_set_client = @saved_cs_client */;

--
-- Dumping data for table `users`
--

LOCK TABLES `users` WRITE;
/*!40000 ALTER TABLE `users` DISABLE KEYS */;
INSERT INTO `users` VALUES (1,'Efra','Admin','AiSport','Dinoslayer','efrain.robles5009@alumnos.udg.mx','Male','$2b$10$B2hWk7P.AoC1w62/0/zVteAgrefwbyLpDx7my8Z5TLXPTDNhNs/1.','2024-02-17','logoPerfil.jpg',NULL,'2025-04-30 06:12:36.957','2025-04-30 06:12:36.957',NULL,NULL),(2,'Davon','Brig','Foister','bfoister1','bfoister1@yahoo.co.jp','Male','$2b$10$TfuiP5tEXQeArRk5mIbrue8HmGSm4kHQ4PC.4b5Riwqi3FcQZZiMy','2024-07-19','logoPerfil.jpg',NULL,'2025-04-30 06:12:37.135','2025-04-30 06:12:37.135',NULL,NULL),(3,'Curran','Morty','Pallas','mpallas2','mpallas2@myspace.com','Male','$2b$10$W7rj4Yb.7DGmSkdKkE04FOmi/8TaqnS7ez4/6syw9FuD4Cu8YYC1m','2023-09-02','logoPerfil.jpg',NULL,'2025-04-30 06:12:37.303','2025-04-30 06:12:37.303',NULL,NULL),(4,'Chloe','Fancy','Whild','fwhild3','fwhild3@fastcompany.com','Female','$2b$10$ctx1ZWNGhnHqVh3eghlnxuzvi8D9/cE7pvFoHyEAd6pa0xo1gtCCe','2024-04-21','logoPerfil.jpg',NULL,'2025-04-30 06:12:37.453','2025-04-30 06:12:37.453',NULL,NULL),(5,'Annabel','Hali','Coggles','hcoggles4','hcoggles4@reddit.com','Female','$2b$10$50KizFOc0tOgNYjxC6irHOIYUmZ8TQ0r.3BYD5KRYQl2bgDiPRKky','2024-07-28','logoPerfil.jpg',NULL,'2025-04-30 06:12:37.603','2025-04-30 06:12:37.603',NULL,NULL),(6,'Boothe','Kinnie','Dight','kdight5','kdight5@taobao.com','Male','$2b$10$b7rf752elUhP.RwTpetLYeliq.S1wSzizlAcFHug4RqjGwRgkQpsS','2023-12-08','logoPerfil.jpg',NULL,'2025-04-30 06:12:37.754','2025-04-30 06:12:37.754',NULL,NULL),(7,'Laurie','Karlotta','Dumingo','kdumingo6','kdumingo6@quantcast.com','Female','$2b$10$F4JPJfXLkwuI/KfmzhHhYu6FbJpcaEdxrh/nA1XKD6VP30ZB5fR8O','2023-12-19','logoPerfil.jpg',NULL,'2025-04-30 06:12:37.904','2025-04-30 06:12:37.904',NULL,NULL),(8,'Dante','Dallis','Gilardone','dgilardone7','dgilardone7@telegraph.co.uk','Male','$2b$10$j.GeBC/o/4Oy9aWNnOg26.NTc.jq53zWkklHqDT3FU2zjX1JCWxge','2024-08-25','logoPerfil.jpg',NULL,'2025-04-30 06:12:38.055','2025-04-30 06:12:38.055',NULL,NULL),(9,'Gavrielle','Eve','Leed','eleed8','eleed8@blog.com','Female','$2b$10$LpcZiiTFVXH1VMSGK/UyQ.hpZBhIp3IyTYVh93qZ6ytD7/ewZw9UO','2024-01-24','logoPerfil.jpg',NULL,'2025-04-30 06:12:38.210','2025-04-30 06:12:38.210',NULL,NULL),(10,'Eldredge','Bruis','Wilmut','bwilmut9','bwilmut9@yelp.com','Male','$2b$10$qnuu3dhZTywQiFciDK3u1uHJfB4UxtgLB3EtPluUCe.6L7g1y.asS','2023-09-13','logoPerfil.jpg',NULL,'2025-04-30 06:12:38.364','2025-04-30 06:12:38.364',NULL,NULL),(11,'Maribel','Ula','Oxteby','uoxtebya','uoxtebya@csmonitor.com','Female','$2b$10$IN9rmkmsl9QnQOn9h08FSORWIjNK5kwGo70kKghBfMhDDHZmKa2VW','2023-09-17','logoPerfil.jpg',NULL,'2025-04-30 06:12:38.519','2025-04-30 06:12:38.519',NULL,NULL),(12,'Franzen','Cazzie','de Vaen','cdevaenb','cdevaenb@theatlantic.com','Male','$2b$10$bgHLvpDUjh5VGSaVsiZjx.4ZCaE0elRUdGEDo6efn9/kiD5znhWsa','2024-08-02','logoPerfil.jpg',NULL,'2025-04-30 06:12:38.670','2025-04-30 06:12:38.670',NULL,NULL),(13,'Gilemette','Goldi','Chimenti','gchimentic','gchimentic@umn.edu','Female','$2b$10$iizGKhJrPxMtlYsiUWa02eSQGBFKmZEIUq27BJpkvIdlSJCBCj8Xu','2024-02-06','logoPerfil.jpg',NULL,'2025-04-30 06:12:38.820','2025-04-30 06:12:38.820',NULL,NULL),(14,'Gabriellia','Kath','De Carolis','kdecarolisd','kdecarolisd@ca.gov','Female','$2b$10$f.07TiOlAc3BYPsRG1nswOmrC8VxzWJflUi6P7d7.KyF6fCnqk5G6','2023-09-04','logoPerfil.jpg',NULL,'2025-04-30 06:12:38.969','2025-04-30 06:12:38.969',NULL,NULL),(15,'Melina','Latashia','Trippett','ltrippette','ltrippette@cpanel.net','Female','$2b$10$EvTsmFZ5syDpZ9QLF5V7Re7i45XFL7fMJsiFRC/1bCQUrwkJVLimW','2023-10-18','logoPerfil.jpg',NULL,'2025-04-30 06:12:39.119','2025-04-30 06:12:39.119',NULL,NULL),(16,'Saloma','Annadiane','Mower','amowerf','amowerf@rakuten.co.jp','Female','$2b$10$p/G.nSyyx9XeocYm7O5aU.OUJ476ZWK2GQ2HxxkD3vwjYC2xGCajS','2024-07-19','logoPerfil.jpg',NULL,'2025-04-30 06:12:39.269','2025-04-30 06:12:39.269',NULL,NULL),(17,'Antonius','Dannel','Jeremiah','djeremiahg','djeremiahg@independent.co.uk','Male','$2b$10$TM1uVQbdlSF4ApuQ0m//deLxCwng1m3L87FEfb5PYtCfcsqLVc/Ji','2024-02-27','logoPerfil.jpg',NULL,'2025-04-30 06:12:39.424','2025-04-30 06:12:39.424',NULL,NULL),(18,'Linea','Ninon','Banfield','nbanfieldh','nbanfieldh@statcounter.com','Female','$2b$10$dDnZrkMcUSFhAToUgUhUperit1guPgbTW.Bne6/v6Tt8cOH5oeZ0u','2024-05-31','logoPerfil.jpg',NULL,'2025-04-30 06:12:39.583','2025-04-30 06:12:39.583',NULL,NULL),(19,'Atalanta','Charyl','Meuse','cmeusei','cmeusei@cpanel.net','Female','$2b$10$3yd04TzGo4BFpb5Ca4gVSeGC248XHCfp1Cc9HbdkKGkCiljVZzpDG','2023-12-19','logoPerfil.jpg',NULL,'2025-04-30 06:12:39.736','2025-04-30 06:12:39.736',NULL,NULL),(20,'Shena','Karrah','Callaway','kcallawayj','kcallawayj@amazon.co.uk','Female','$2b$10$pm29CC2PfV40HllQiI0vmuK6wk1JH.wdwhOAaHZNFRzIQdB.3ay6K','2024-03-06','logoPerfil.jpg',NULL,'2025-04-30 06:12:39.889','2025-04-30 06:12:39.889',NULL,NULL),(21,'Zackariah','Torrey','Gosling','tgoslingk','tgoslingk@paypal.com','Male','$2b$10$IJGHZx/QYiEuSHUDpqp2mezj9Oi2My3DEAVIO/fSMzCXstx.d0yL2','2024-08-18','logoPerfil.jpg',NULL,'2025-04-30 06:12:40.042','2025-04-30 06:12:40.042',NULL,NULL),(22,'Zola','Carlota','Gerhold','cgerholdl','cgerholdl@cam.ac.uk','Female','$2b$10$2MQ3MzHpqmNkxzDWza6kVeGnVw61phhUhWi//bNMTPqRvUQXk9v1K','2024-07-20','logoPerfil.jpg',NULL,'2025-04-30 06:12:40.200','2025-04-30 06:12:40.200',NULL,NULL),(23,'Barry','Jillie','Duncanson','jduncansonm','jduncansonm@hexun.com','Female','$2b$10$XWU1or1kGeU227hNjzvEPu6e8mo2bR7nuVItjbDw32MKdBFSuzo12','2024-06-27','logoPerfil.jpg',NULL,'2025-04-30 06:12:40.360','2025-04-30 06:12:40.360',NULL,NULL),(24,'Baxter','Sax','Busfield','sbusfieldn','sbusfieldn@fema.gov','Male','$2b$10$VsO4ptTAAN/SwbJkW3WrRujavaadedn0wCP/7ghs9ytTT8.q11FQ6','2024-07-01','logoPerfil.jpg',NULL,'2025-04-30 06:12:40.513','2025-04-30 06:12:40.513',NULL,NULL),(25,'Austine','Haleigh','Lorek','hloreko','hloreko@soup.io','Female','$2b$10$hvKf1oDIHCTCD0ZZDK5egOOirar1jO1QTE37MHGlD1pPlmUaBEXXy','2024-06-26','logoPerfil.jpg',NULL,'2025-04-30 06:12:40.663','2025-04-30 06:12:40.663',NULL,NULL),(26,'Jessa','Nola','Fundell','nfundellp','nfundellp@usda.gov','Female','$2b$10$kWGPN9DCmL/uXi.UblU1guP1VDBWaPyRwBIf9xuxGX41F25NLGJ.m','2024-04-09','logoPerfil.jpg',NULL,'2025-04-30 06:12:40.817','2025-04-30 06:12:40.817',NULL,NULL),(27,'Fanchette','Sharleen','Tolcharde','stolchardeq','stolchardeq@vistaprint.com','Female','$2b$10$RK/zYO4dobeaaGQNiNXKnuqS1d0GUs9ONrTA25lgGS13QnSiv5sji','2024-04-23','logoPerfil.jpg',NULL,'2025-04-30 06:12:40.967','2025-04-30 06:12:40.967',NULL,NULL),(28,'Kirstyn','Eliza','Wisdom','ewisdomr','ewisdomr@storify.com','Female','$2b$10$US6HDtPqqDCgsoMw.4mmf.Is3QSyB9/M2nCQDr/sqIOWvwFROvIsK','2023-09-30','logoPerfil.jpg',NULL,'2025-04-30 06:12:41.126','2025-04-30 06:12:41.126',NULL,NULL),(29,'Loretta','Ronalda','Junkinson','rjunkinsons','rjunkinsons@accuweather.com','Female','$2b$10$n6J1PST.AhRfMiaswEzIIuT6xDFrjMwwyplBTdrdGYt/7Ai35QRzO','2023-10-21','logoPerfil.jpg',NULL,'2025-04-30 06:12:41.284','2025-04-30 06:12:41.284',NULL,NULL),(30,'Sharai','Clementia','Spiers','cspierst','cspierst@tamu.edu','Female','$2b$10$p5BX4q4FG8p4RJb7XpoWVuhrBb.ZlUypqf9Juz7AMhKnkAjhN4xOW','2024-05-20','logoPerfil.jpg',NULL,'2025-04-30 06:12:41.441','2025-04-30 06:12:41.441',NULL,NULL),(31,'Emalia','Demetria','Smewing','dsmewingu','dsmewingu@spiegel.de','Female','$2b$10$bVZ0dB5XQe68wyiIhI1KtOh13A5W/JlOMfBzSHU./P1rlU3UY89qu','2024-01-15','logoPerfil.jpg',NULL,'2025-04-30 06:12:41.591','2025-04-30 06:12:41.591',NULL,NULL),(32,'Otis','Aubert','Timbs','atimbsv','atimbsv@naver.com','Male','$2b$10$W4gTMoo..ljPRwRXdGFHCe5FopgGoV8x3gCa6gVJaNXOsUeONzocy','2024-03-07','logoPerfil.jpg',NULL,'2025-04-30 06:12:41.746','2025-04-30 06:12:41.746',NULL,NULL),(33,'Siffre','Bat','Caller','bcallerw','bcallerw@imdb.com','Male','$2b$10$YkGQ83ZR7rj.eZHH/dEwvuNPWJCm4qEMGq7LV875U25w5U1totZNu','2024-04-07','logoPerfil.jpg',NULL,'2025-04-30 06:12:41.900','2025-04-30 06:12:41.900',NULL,NULL),(34,'Corliss','Linda','Filyukov','lfilyukovx','lfilyukovx@ihg.com','Female','$2b$10$rgh6Tf4rE8O.yfuKQ9ci3e5E2EX5TF1ShOeuz0wONwtQzwcuz1iI6','2024-04-03','logoPerfil.jpg',NULL,'2025-04-30 06:12:42.058','2025-04-30 06:12:42.058',NULL,NULL),(35,'Brock','Wade','Trowel','wtrowely','wtrowely@google.co.jp','Male','$2b$10$UAYyIk5/4IwhQ.SmB.ZvZ.uaGRSKo34qLn9gPCHgvqLOAizi/Kc9K','2024-04-06','logoPerfil.jpg',NULL,'2025-04-30 06:12:42.218','2025-04-30 06:12:42.218',NULL,NULL),(36,'Ceciley','Cordula','Prendergast','cprendergastz','cprendergastz@google.es','Female','$2b$10$Z.minuL.WVy0TAkuGWX4FeFzu4UUiO.DnqIVB1TK3WUdOFZDi0eDS','2023-11-28','logoPerfil.jpg',NULL,'2025-04-30 06:12:42.378','2025-04-30 06:12:42.378',NULL,NULL),(37,'Hastings','Felicio','Linning','flinning10','flinning10@alexa.com','Male','$2b$10$yff0hqdPllQ.a3bp5sO7jOyK41IHNheK9771Zn5ocFJiCOSrW2y.q','2023-12-14','logoPerfil.jpg',NULL,'2025-04-30 06:12:42.539','2025-04-30 06:12:42.539',NULL,NULL),(38,'Martainn','Northrop','Galpin','ngalpin11','ngalpin11@shutterfly.com','Male','$2b$10$HCofbv2MrYii5MoyuaMdJOOqSa4.Tu.RilgCGuhhoA9AksO/7w.F2','2023-11-27','logoPerfil.jpg',NULL,'2025-04-30 06:12:42.702','2025-04-30 06:12:42.702',NULL,NULL),(39,'Ravi','Wells','Romeril','wromeril12','wromeril12@weather.com','Male','$2b$10$lTgvatgfIKPX9.xXbZ84bekA3hmDPaK1x8HSvKiF0A2TaGxj8mOBi','2023-12-28','logoPerfil.jpg',NULL,'2025-04-30 06:12:42.861','2025-04-30 06:12:42.861',NULL,NULL),(40,'Al','Keane','Bortolutti','kbortolutti13','kbortolutti13@last.fm','Male','$2b$10$mhNwFCRBVv04hF3DjS/7LuVkQl10DxMIntkVHcwFhrdD6ohOakldq','2023-09-19','logoPerfil.jpg',NULL,'2025-04-30 06:12:43.016','2025-04-30 06:12:43.016',NULL,NULL),(41,'Bengt','Mathe','Matei','mmatei14','mmatei14@blogspot.com','Male','$2b$10$SM.MNaxU8UGC2jA9gTIFNOv.geUTUJn9/07f901D/Ur19IDgISTnS','2024-07-16','logoPerfil.jpg',NULL,'2025-04-30 06:12:43.176','2025-04-30 06:12:43.176',NULL,NULL),(42,'Rafaello','Derrek','Beumant','dbeumant15','dbeumant15@freewebs.com','Male','$2b$10$gaxK0KbsIKp3ewPHYdLRo.tFOicatr3TE/ib9iC5xJm/hohJrbECS','2024-01-25','logoPerfil.jpg',NULL,'2025-04-30 06:12:43.327','2025-04-30 06:12:43.327',NULL,NULL),(43,'Dorie','Effie','Yakov','eyakov16','eyakov16@bbc.co.uk','Female','$2b$10$BAS31uFSo55ekuxwMf120eA0wUsihLsJOt6NhcuFQCS1pJCXi.NWm','2024-07-01','logoPerfil.jpg',NULL,'2025-04-30 06:12:43.481','2025-04-30 06:12:43.481',NULL,NULL),(44,'Arvin','Brewster','Botham','bbotham17','bbotham17@so-net.ne.jp','Male','$2b$10$2VueNBDkJLKrv5maofOaBu2CIbwh5CF66w7INmJjesFozGKvYGIym','2024-07-23','logoPerfil.jpg',NULL,'2025-04-30 06:12:43.635','2025-04-30 06:12:43.635',NULL,NULL),(45,'Vitia','Maryjane','Barneveld','mbarneveld18','mbarneveld18@tinypic.com','Female','$2b$10$ni1PJt7WD.qnYK69f7ebl.tYrf7tnYiJYWuuY/03nQWiy3VQIWC5i','2024-01-01','logoPerfil.jpg',NULL,'2025-04-30 06:12:43.787','2025-04-30 06:12:43.787',NULL,NULL),(46,'Tobin','Glenn','Hallard','ghallard19','ghallard19@angelfire.com','Male','$2b$10$q/C6sb.N7FZ6IpVrDrHP4.OhPmo.c6ItV5oitLKTZTxbbO3B2O3Fy','2024-06-06','logoPerfil.jpg',NULL,'2025-04-30 06:12:43.939','2025-04-30 06:12:43.939',NULL,NULL),(47,'Darlene','Krissy','Manterfield','kmanterfield1a','kmanterfield1a@theguardian.com','Female','$2b$10$8xurRzKuUhoxDMV/JGP52.cCjRqLOvUEmwawOiB6ikM.dlkAIp5n6','2024-06-15','logoPerfil.jpg',NULL,'2025-04-30 06:12:44.095','2025-04-30 06:12:44.095',NULL,NULL),(48,'Alexandr','Lombard','Liversley','lliversley1b','lliversley1b@comcast.net','Male','$2b$10$Q4U6W2nD7.a1k1Bfvwl0z.E1mcJLJREJTmu2Daz4qV/I/qf4lAeby','2024-01-09','logoPerfil.jpg',NULL,'2025-04-30 06:12:44.247','2025-04-30 06:12:44.247',NULL,NULL),(49,'Mickie','Amanda','Stalman','astalman1c','astalman1c@gov.uk','Female','$2b$10$ysqXyMpHP9RkIq8/Xj8UBOr.fl7Db66agMwlEpUmuS8dLWWM2He8C','2024-06-17','logoPerfil.jpg',NULL,'2025-04-30 06:12:44.397','2025-04-30 06:12:44.397',NULL,NULL),(50,'Cornall','Horten','Hargey','hhargey1d','hhargey1d@soundcloud.com','Male','$2b$10$F9klXlk1kAj6o82v2CnQnuGUWtBhk78BXhrOaNOi7hjnzaIjmZH4G','2024-03-27','logoPerfil.jpg',NULL,'2025-04-30 06:12:44.548','2025-04-30 06:12:44.548',NULL,NULL),(51,'Maik','Admin','AiSport','Magana','miguel.magana0967@alumnos.udg.mx','Male','$2b$10$9fGfWax6DEMiNvIdExTWnevw8/vBrD.tX9zMRoKlDPiNu0hn9eNi6','2024-03-27','logoPerfil.jpg',NULL,'2025-04-30 06:12:44.697','2025-04-30 06:12:44.697',NULL,NULL);
/*!40000 ALTER TABLE `users` ENABLE KEYS */;
UNLOCK TABLES;
/*!40103 SET TIME_ZONE=@OLD_TIME_ZONE */;

/*!40101 SET SQL_MODE=@OLD_SQL_MODE */;
/*!40014 SET FOREIGN_KEY_CHECKS=@OLD_FOREIGN_KEY_CHECKS */;
/*!40014 SET UNIQUE_CHECKS=@OLD_UNIQUE_CHECKS */;
/*!40101 SET CHARACTER_SET_CLIENT=@OLD_CHARACTER_SET_CLIENT */;
/*!40101 SET CHARACTER_SET_RESULTS=@OLD_CHARACTER_SET_RESULTS */;
/*!40101 SET COLLATION_CONNECTION=@OLD_COLLATION_CONNECTION */;
/*!40111 SET SQL_NOTES=@OLD_SQL_NOTES */;

-- Dump completed on 2025-05-01  0:35:05
