-- MySQL dump 10.13  Distrib 8.0.30, for Win64 (x86_64)
--
-- Host: localhost    Database: sporthub2.0
-- ------------------------------------------------------
-- Server version	8.0.30

/*!40101 SET @OLD_CHARACTER_SET_CLIENT=@@CHARACTER_SET_CLIENT */;
/*!40101 SET @OLD_CHARACTER_SET_RESULTS=@@CHARACTER_SET_RESULTS */;
/*!40101 SET @OLD_COLLATION_CONNECTION=@@COLLATION_CONNECTION */;
/*!50503 SET NAMES utf8mb4 */;
/*!40103 SET @OLD_TIME_ZONE=@@TIME_ZONE */;
/*!40103 SET TIME_ZONE='+00:00' */;
/*!40014 SET @OLD_UNIQUE_CHECKS=@@UNIQUE_CHECKS, UNIQUE_CHECKS=0 */;
/*!40014 SET @OLD_FOREIGN_KEY_CHECKS=@@FOREIGN_KEY_CHECKS, FOREIGN_KEY_CHECKS=0 */;
/*!40101 SET @OLD_SQL_MODE=@@SQL_MODE, SQL_MODE='NO_AUTO_VALUE_ON_ZERO' */;
/*!40111 SET @OLD_SQL_NOTES=@@SQL_NOTES, SQL_NOTES=0 */;

--
-- Table structure for table `_prisma_migrations`
--

DROP TABLE IF EXISTS `_prisma_migrations`;
/*!40101 SET @saved_cs_client     = @@character_set_client */;
/*!50503 SET character_set_client = utf8mb4 */;
CREATE TABLE `_prisma_migrations` (
  `id` varchar(36) COLLATE utf8mb4_unicode_ci NOT NULL,
  `checksum` varchar(64) COLLATE utf8mb4_unicode_ci NOT NULL,
  `finished_at` datetime(3) DEFAULT NULL,
  `migration_name` varchar(255) COLLATE utf8mb4_unicode_ci NOT NULL,
  `logs` text COLLATE utf8mb4_unicode_ci,
  `rolled_back_at` datetime(3) DEFAULT NULL,
  `started_at` datetime(3) NOT NULL DEFAULT CURRENT_TIMESTAMP(3),
  `applied_steps_count` int unsigned NOT NULL DEFAULT '0',
  PRIMARY KEY (`id`)
) ENGINE=InnoDB DEFAULT CHARSET=utf8mb4 COLLATE=utf8mb4_unicode_ci;
/*!40101 SET character_set_client = @saved_cs_client */;

--
-- Dumping data for table `_prisma_migrations`
--

LOCK TABLES `_prisma_migrations` WRITE;
/*!40000 ALTER TABLE `_prisma_migrations` DISABLE KEYS */;
INSERT INTO `_prisma_migrations` VALUES ('03be1f20-0b07-4afb-81bd-fba33190a46e','1e3e379ba0731800d0f9763b7d5e990ece3908007b907fbbdf2f1f95af628fe3','2024-12-18 20:42:46.650','20241218204246_remove_ignore_relations',NULL,NULL,'2024-12-18 20:42:46.147',1),('101f316b-ab8a-4bd0-ae7e-bb80fbda9565','1e3e379ba0731800d0f9763b7d5e990ece3908007b907fbbdf2f1f95af628fe3','2024-12-15 20:24:09.107','20241214010546_remove_ignore_relations',NULL,NULL,'2024-12-15 20:24:09.064',1),('2215df0b-6974-4230-9093-6a9df9d430e2','a1d4775efedb247f5ee485677d289f9670d4513ef4488c13f939c1fa636d5c60','2024-12-21 02:31:35.879','20241221023135_add_image_field_to_users_default',NULL,NULL,'2024-12-21 02:31:35.838',1),('34933d9f-d2c5-4fcc-9e5b-4dd040b5b270','20ec7f747b4c01f232dd5b3b9691914167cb928454d97905b8ddb1e2d0566082','2024-12-15 20:24:09.307','20241214203755_remove_ignore_relations',NULL,NULL,'2024-12-15 20:24:09.109',1),('3966fe91-342d-4d04-a924-08c9aa725e9e','1e3e379ba0731800d0f9763b7d5e990ece3908007b907fbbdf2f1f95af628fe3','2024-12-18 20:53:39.075','20241218205338_remove_ignore_relations',NULL,NULL,'2024-12-18 20:53:39.022',1),('7915d304-5049-4f77-875f-3a894ba6898c','1e3e379ba0731800d0f9763b7d5e990ece3908007b907fbbdf2f1f95af628fe3','2024-12-18 20:55:39.004','20241218205538_remove_ignore_relations',NULL,NULL,'2024-12-18 20:55:38.962',1),('79a2b6be-d745-4305-baf6-b6be8f9f3c93','1e3e379ba0731800d0f9763b7d5e990ece3908007b907fbbdf2f1f95af628fe3','2025-01-30 22:52:16.087','20250130225215_update_partidos',NULL,NULL,'2025-01-30 22:52:15.996',1),('82e8684f-2633-488b-86f2-44f468d7bef0','1e3e379ba0731800d0f9763b7d5e990ece3908007b907fbbdf2f1f95af628fe3','2024-12-18 18:02:03.597','20241218180203_remove_ignore_relations',NULL,NULL,'2024-12-18 18:02:03.541',1),('8a80db8b-8373-49e5-9840-2c1133d81174','6dbc9e7a6f4e005f60509b7da11268e9b7dc7517dd618f97306fc475e97b4507','2024-12-15 20:24:08.056','20240902172139_big_int_to_int',NULL,NULL,'2024-12-15 20:24:06.137',1),('8d241b8c-ece0-4abc-b94d-d3b34abf032c','2695f8ac72e7b5e17611911ffb6e24d524335309f9daeb4717b81bd0cc55b0a2','2025-03-13 23:55:47.117','20250313235546_add_token_field',NULL,NULL,'2025-03-13 23:55:47.013',1),('9b5d2aad-ac0e-4465-be14-a645f0a59bbb','f8b1a2b79968d8a631112ef270d7fb16e7f87433a909a24ea0f8494f53d6bc9b','2024-12-20 23:22:59.428','20241220232259_add_image_field_to_equipos',NULL,NULL,'2024-12-20 23:22:59.314',1),('9cf5b9f1-30d7-424d-ba6c-7e98c4afca54','0d1b0572793e568744514e6283456d0bd25d8523bf7f453b70d6ca8c669f7ec0','2024-12-15 20:24:06.072','20240902161505_sporthub2_0',NULL,NULL,'2024-12-15 20:24:03.893',1),('a7eba9ad-ee7e-4e2c-9fec-a272a3dbcc4e','6629fbe61151924dfb746c87b15800a62f60a00efd950cac5b1d4ee2d476d08b','2024-12-21 01:09:30.818','20241221010930_remove_member_string_id',NULL,NULL,'2024-12-21 01:09:30.706',1),('a9bcc73b-6563-4792-b220-8afd612bfb10','1e3e379ba0731800d0f9763b7d5e990ece3908007b907fbbdf2f1f95af628fe3','2024-12-15 20:24:08.963','20241213002210_remove_ignore_relations',NULL,NULL,'2024-12-15 20:24:08.919',1),('b104d5b3-9bf7-45e3-bc9c-5baf79167dd1','f32972ed7eadacf16635ce09797e62867008d6b55fe46e89c9fa026db70c432c','2024-12-15 20:24:08.916','20240902172911_created_updated',NULL,NULL,'2024-12-15 20:24:08.058',1),('b11d1f62-c003-4cca-a42f-bd3ff869c4e0','1e3e379ba0731800d0f9763b7d5e990ece3908007b907fbbdf2f1f95af628fe3','2024-12-15 20:24:09.353','20241215202322_remove_ignore_relations',NULL,NULL,'2024-12-15 20:24:09.309',1),('b143b66f-6e3b-4d62-b7c5-82a85b4d9c7f','3d5cab3e307c50894cd8cf12187fa2bceea47506279c72014a0d3cce17d17861','2024-12-15 20:24:06.134','20240902165319_sporthub_no_many_partidos',NULL,NULL,'2024-12-15 20:24:06.075',1),('c16d4cb9-953d-40fc-a225-96c3618c2ab3','09592ced99a2965198267d4a49398a30896b9744ea34e9a2c5be624b7541fb97','2024-12-21 02:09:27.769','20241221020927_add_image_field_to_equipos_default',NULL,NULL,'2024-12-21 02:09:27.694',1),('d3df6fc9-8e6a-48e3-bbe9-0ef002ff355d','1e3e379ba0731800d0f9763b7d5e990ece3908007b907fbbdf2f1f95af628fe3','2024-12-15 20:24:09.016','20241213222438_remove_ignore_relations',NULL,NULL,'2024-12-15 20:24:08.966',1),('d67d938d-c694-4751-beaf-08dc7d6f536f','fe7e93ef73877c963052b1d259cc59e21323d2dc406cd39f934de07e0d29d580','2025-01-29 20:47:06.231','20250129204705_add_ai_table',NULL,NULL,'2025-01-29 20:47:06.002',1),('e5eeaa04-ba0f-444b-bdd5-ee15b96b1278','1e3e379ba0731800d0f9763b7d5e990ece3908007b907fbbdf2f1f95af628fe3','2024-12-18 18:03:29.324','20241218180329_unignore_notifications',NULL,NULL,'2024-12-18 18:03:29.275',1),('f715b875-9bad-4469-b2de-73cee4c50d87','1e3e379ba0731800d0f9763b7d5e990ece3908007b907fbbdf2f1f95af628fe3','2024-12-15 20:24:09.062','20241213233333_remove_ignore_relations',NULL,NULL,'2024-12-15 20:24:09.020',1);
/*!40000 ALTER TABLE `_prisma_migrations` ENABLE KEYS */;
UNLOCK TABLES;

--
-- Table structure for table `ai`
--

DROP TABLE IF EXISTS `AI`;
/*!40101 SET @saved_cs_client     = @@character_set_client */;
/*!50503 SET character_set_client = utf8mb4 */;
CREATE TABLE `AI` (
  `id` int unsigned NOT NULL AUTO_INCREMENT,
  `user_id` int unsigned NOT NULL,
  `SS` int unsigned NOT NULL DEFAULT '0',
  `SA` int unsigned NOT NULL DEFAULT '0',
  `TM` int unsigned NOT NULL DEFAULT '0',
  `BC` int unsigned NOT NULL DEFAULT '0',
  `DR` int unsigned NOT NULL DEFAULT '0',
  `TO` int unsigned NOT NULL DEFAULT '0',
  `ST` int unsigned NOT NULL DEFAULT '0',
  `DD` int unsigned NOT NULL DEFAULT '0',
  `TR` int unsigned NOT NULL DEFAULT '0',
  `PF` enum('NA','DEFICIENTE','MEJORABLE','BUENO','MUY_BUENO','EXCEPCIONAL') COLLATE utf8mb4_unicode_ci NOT NULL DEFAULT 'NA',
  `created_at` datetime(3) DEFAULT CURRENT_TIMESTAMP(3),
  `updated_at` datetime(3) DEFAULT NULL,
  PRIMARY KEY (`id`),
  KEY `AI_user_id_foreign` (`user_id`),
  CONSTRAINT `AI_user_id_foreign` FOREIGN KEY (`user_id`) REFERENCES `users` (`id`) ON DELETE CASCADE ON UPDATE RESTRICT
) ENGINE=InnoDB AUTO_INCREMENT=56 DEFAULT CHARSET=utf8mb4 COLLATE=utf8mb4_unicode_ci;
/*!40101 SET character_set_client = @saved_cs_client */;

--
-- Dumping data for table `ai`
--
LOCK TABLES `AI` WRITE;
/*!40000 ALTER TABLE `ai` DISABLE KEYS */;
INSERT INTO `AI` VALUES (1,51,0,0,60,0,0,0,0,0,0,'EXCEPCIONAL','2025-01-29 23:40:07.310','2025-01-29 23:40:07.310'),(2,51,1,1,30,0,4,2,2,2,1,'MUY_BUENO','2025-01-28 23:40:07.310','2025-01-29 23:40:07.310'),(3,51,2,3,26,4,5,2,3,2,2,'BUENO','2025-01-29 23:40:07.310','2025-01-29 23:40:07.310'),(4,51,2,3,29,2,3,4,1,1,2,'BUENO','2025-01-29 23:40:07.310','2025-01-29 23:40:07.310'),(5,51,3,2,25,1,2,4,5,4,6,'MEJORABLE','2025-01-29 23:40:07.310','2025-01-29 23:40:07.310'),(6,51,1,1,22,2,3,2,1,3,1,'DEFICIENTE','2025-01-29 23:40:07.310','2025-01-29 23:40:07.310'),(7,51,0,0,30,0,0,0,0,0,0,'MEJORABLE','2025-01-30 00:23:48.748','2025-01-30 00:23:48.748'),(8,51,0,0,2,0,0,0,0,0,0,'MEJORABLE','2025-01-30 00:26:06.366','2025-01-30 00:26:06.366'),(9,51,0,0,2,0,0,0,0,0,0,'MEJORABLE','2025-01-30 00:32:51.793','2025-01-30 00:32:51.793'),(10,51,0,0,30,0,0,0,0,0,0,'MEJORABLE','2025-01-30 00:34:45.138','2025-01-30 00:34:45.138'),(11,51,0,0,7,0,0,0,0,0,0,'MEJORABLE','2025-01-30 00:36:17.854','2025-01-30 00:36:17.854'),(12,51,0,0,30,0,0,0,0,0,0,'MEJORABLE','2025-01-31 04:00:21.645','2025-01-31 04:00:21.645'),(13,51,0,0,30,0,0,0,0,0,0,'MEJORABLE','2025-01-31 04:03:04.943','2025-01-31 04:03:04.943'),(14,51,0,0,8,0,0,0,0,0,0,'MEJORABLE','2025-01-31 20:56:13.411','2025-01-31 20:56:13.411'),(15,51,0,0,8,0,0,0,0,0,0,'MEJORABLE','2025-01-31 20:58:31.182','2025-01-31 20:58:31.182'),(16,51,0,0,5,0,0,0,0,0,0,'MEJORABLE','2025-01-31 21:01:12.291','2025-01-31 21:01:12.291'),(17,51,1,0,30,0,1,1,18,0,4,'DEFICIENTE','2025-01-31 21:03:57.671','2025-01-31 21:03:57.671'),(18,51,1,0,24,0,1,1,12,0,2,'BUENO','2025-01-31 21:05:19.834','2025-01-31 21:05:19.834'),(19,51,1,0,20,0,1,1,12,0,2,'BUENO','2025-01-31 21:07:23.397','2025-01-31 21:07:23.397'),(20,51,0,0,8,0,0,0,0,0,0,'MEJORABLE','2025-01-31 21:08:24.222','2025-01-31 21:08:24.222'),(27,51,1,0,16,0,1,2,12,0,2,'BUENO','2025-02-01 00:26:41.357','2025-02-01 00:26:41.357'),(28,51,1,0,29,0,1,2,20,0,5,'DEFICIENTE','2025-02-07 19:40:07.055','2025-02-07 19:40:07.055'),(29,51,1,0,21,0,1,2,16,0,3,'BUENO','2025-02-07 19:41:33.418','2025-02-07 19:41:33.418'),(30,51,0,0,18,0,0,0,0,0,0,'MEJORABLE','2025-02-08 20:24:18.707','2025-02-08 20:24:18.707'),(31,51,0,0,6,0,0,0,0,0,0,'MEJORABLE','2025-02-08 20:25:05.199','2025-02-08 20:25:05.199'),(32,51,0,0,11,0,0,0,0,0,0,'MEJORABLE','2025-02-08 20:25:56.917','2025-02-08 20:25:56.917'),(33,51,0,0,30,0,6,0,0,0,0,'BUENO','2025-02-08 20:43:55.150','2025-02-08 20:43:55.150'),(34,51,0,0,22,0,7,0,0,0,0,'BUENO','2025-02-08 21:09:15.612','2025-02-08 21:09:15.612'),(35,51,0,0,30,0,5,1,4,0,0,'BUENO','2025-02-08 21:15:13.038','2025-02-08 21:15:13.038'),(36,51,0,0,23,0,7,1,5,0,1,'BUENO','2025-02-08 21:31:28.085','2025-02-08 21:31:28.085'),(37,51,0,0,13,0,1,0,0,0,0,'MEJORABLE','2025-02-08 21:49:22.301','2025-02-08 21:49:22.301'),(38,51,0,0,30,0,3,0,0,0,0,'MEJORABLE','2025-02-08 23:55:56.729','2025-02-08 23:55:56.729'),(39,51,0,0,30,0,4,0,0,0,0,'MEJORABLE','2025-02-09 00:05:37.705','2025-02-09 00:05:37.705'),(40,51,0,0,30,0,0,0,0,0,0,'MEJORABLE','2025-02-09 00:21:29.051','2025-02-09 00:21:29.051'),(41,51,0,0,30,0,13,0,2,0,0,'BUENO','2025-02-09 18:44:36.524','2025-02-09 18:44:36.524'),(42,51,0,0,30,0,11,0,0,0,0,'BUENO','2025-02-09 19:32:02.698','2025-02-09 19:32:02.698'),(43,51,0,0,30,0,0,0,0,0,0,'MEJORABLE','2025-02-27 20:05:47.541','2025-02-27 20:05:47.541'),(44,51,0,0,14,0,1,2,16,0,3,'DEFICIENTE','2025-02-27 20:07:13.156','2025-02-27 20:07:13.156'),(45,51,0,0,19,0,1,6,11,0,2,'MEJORABLE','2025-02-27 21:44:21.707','2025-02-27 21:44:21.707'),(46,51,0,1,14,0,1,3,15,0,3,'DEFICIENTE','2025-02-27 21:50:50.246','2025-02-27 21:50:50.246'),(47,51,0,0,8,4,3,5,12,2,2,'DEFICIENTE','2025-02-27 21:52:20.101','2025-02-27 21:52:20.101'),(48,51,0,0,14,2,0,4,15,0,3,'DEFICIENTE','2025-02-27 21:52:23.047','2025-02-27 21:52:23.047'),(49,51,0,0,9,0,0,2,12,0,3,'DEFICIENTE','2025-02-27 22:00:39.361','2025-02-27 22:00:39.361'),(50,51,0,0,14,0,1,2,13,0,3,'DEFICIENTE','2025-02-27 22:00:39.398','2025-02-27 22:00:39.398'),(51,51,0,0,14,0,3,3,17,0,3,'DEFICIENTE','2025-02-27 22:01:56.338','2025-02-27 22:01:56.338'),(52,51,0,0,30,0,1,0,0,0,0,'MEJORABLE','2025-02-27 22:03:16.516','2025-02-27 22:03:16.516'),(53,51,0,0,23,0,1,0,0,0,0,'MEJORABLE','2025-02-27 22:03:16.538','2025-02-27 22:03:16.538'),(54,51,0,0,14,0,0,0,11,0,2,'DEFICIENTE','2025-02-28 03:25:13.303','2025-02-28 03:25:13.303'),(55,51,0,0,14,0,0,0,0,0,0,'MEJORABLE','2025-02-28 03:28:07.179','2025-02-28 03:28:07.179');
/*!40000 ALTER TABLE `ai` ENABLE KEYS */;
UNLOCK TABLES;

--
-- Table structure for table `equipos`
--

DROP TABLE IF EXISTS `equipos`;
/*!40101 SET @saved_cs_client     = @@character_set_client */;
/*!50503 SET character_set_client = utf8mb4 */;
CREATE TABLE `equipos` (
  `id` int unsigned NOT NULL AUTO_INCREMENT,
  `name` varchar(255) COLLATE utf8mb4_unicode_ci NOT NULL,
  `user_id` int unsigned NOT NULL,
  `created_at` datetime(3) DEFAULT CURRENT_TIMESTAMP(3),
  `updated_at` datetime(3) DEFAULT NULL,
  `image` varchar(255) COLLATE utf8mb4_unicode_ci NOT NULL DEFAULT 'logoEquipo.jpg',
  PRIMARY KEY (`id`),
  KEY `equipos_user_id_foreign` (`user_id`),
  CONSTRAINT `equipos_user_id_foreign` FOREIGN KEY (`user_id`) REFERENCES `users` (`id`) ON DELETE CASCADE ON UPDATE RESTRICT
) ENGINE=InnoDB AUTO_INCREMENT=71 DEFAULT CHARSET=utf8mb4 COLLATE=utf8mb4_unicode_ci;
/*!40101 SET character_set_client = @saved_cs_client */;

--
-- Dumping data for table `equipos`
--

LOCK TABLES `equipos` WRITE;
/*!40000 ALTER TABLE `equipos` DISABLE KEYS */;
INSERT INTO `equipos` VALUES (1,'Lumina',36,'2024-12-15 20:24:22.043','2024-12-15 20:24:22.043','logoEquipo.jpg'),(2,'Express',19,'2024-12-15 20:24:22.053','2024-12-15 20:24:22.053','logoEquipo.jpg'),(3,'Camry',45,'2024-12-15 20:24:22.056','2024-12-15 20:24:22.056','logoEquipo.jpg'),(4,'Montero',6,'2024-12-15 20:24:22.060','2024-12-15 20:24:22.060','logoEquipo.jpg'),(5,'911',50,'2024-12-15 20:24:22.064','2024-12-15 20:24:22.064','logoEquipo.jpg'),(6,'SJ',23,'2024-12-15 20:24:22.067','2024-12-15 20:24:22.067','logoEquipo.jpg'),(7,'S10',17,'2024-12-15 20:24:22.071','2024-12-15 20:24:22.071','logoEquipo.jpg'),(8,'CL-Class',38,'2024-12-15 20:24:22.074','2024-12-15 20:24:22.074','logoEquipo.jpg'),(9,'S80',24,'2024-12-15 20:24:22.078','2024-12-15 20:24:22.078','1734728246634-972335001-large.jpg'),(10,'Landaulet',36,'2024-12-15 20:24:22.082','2024-12-15 20:24:22.082','logoTorneo.png'),(11,'FX',39,'2024-12-15 20:24:22.085','2024-12-15 20:24:22.085','logoEquipo.jpg'),(12,'Sierra 1500',43,'2024-12-15 20:24:22.089','2024-12-15 20:24:22.089','logoEquipo.jpg'),(13,'Corolla',17,'2024-12-15 20:24:22.092','2024-12-15 20:24:22.092','logoEquipo.jpg'),(14,'Cayenne',9,'2024-12-15 20:24:22.096','2024-12-15 20:24:22.096','logoEquipo.jpg'),(15,'Golf',6,'2024-12-15 20:24:22.100','2024-12-15 20:24:22.100','logoEquipo.jpg'),(16,'Diamante',42,'2024-12-15 20:24:22.103','2024-12-15 20:24:22.103','logoEquipo.jpg'),(17,'S-Type',27,'2024-12-15 20:24:22.107','2024-12-15 20:24:22.107','logoEquipo.jpg'),(18,'Maxima',34,'2024-12-15 20:24:22.111','2024-12-15 20:24:22.111','logoEquipo.jpg'),(19,'Viper',32,'2024-12-15 20:24:22.114','2024-12-15 20:24:22.114','logoEquipo.jpg'),(20,'2500',11,'2024-12-15 20:24:22.118','2024-12-15 20:24:22.118','logoEquipo.jpg'),(21,'Firebird',32,'2024-12-15 20:24:22.121','2024-12-15 20:24:22.121','logoEquipo.jpg'),(22,'CR-V',33,'2024-12-15 20:24:22.125','2024-12-15 20:24:22.125','logoEquipo.jpg'),(23,'Range Rover Sport',2,'2024-12-15 20:24:22.129','2024-12-15 20:24:22.129','logoEquipo.jpg'),(24,'rio',32,'2024-12-15 20:24:22.132','2024-12-15 20:24:22.132','logoEquipo.jpg'),(25,'Eurovan',43,'2024-12-15 20:24:22.135','2024-12-15 20:24:22.135','logoEquipo.jpg'),(26,'LeMans',10,'2024-12-15 20:24:22.139','2024-12-15 20:24:22.139','logoEquipo.jpg'),(27,'Villager',17,'2024-12-15 20:24:22.144','2024-12-15 20:24:22.144','logoEquipo.jpg'),(28,'B-Series',29,'2024-12-15 20:24:22.148','2024-12-15 20:24:22.148','logoEquipo.jpg'),(29,'W201',45,'2024-12-15 20:24:22.152','2024-12-15 20:24:22.152','logoEquipo.jpg'),(30,'Rio',1,'2024-12-15 20:24:22.156','2024-12-15 20:24:22.156','logoEquipo.jpg'),(31,'Z8',1,'2024-12-15 20:24:22.160','2024-12-15 20:24:22.160','logoEquipo.jpg'),(32,'Yukon XL 1500',28,'2024-12-15 20:24:22.163','2024-12-15 20:24:22.163','logoEquipo.jpg'),(33,'Coachbuilder',48,'2024-12-15 20:24:22.167','2024-12-15 20:24:22.167','logoEquipo.jpg'),(34,'Quest',35,'2024-12-15 20:24:22.171','2024-12-15 20:24:22.171','logoEquipo.jpg'),(35,'Corvette',15,'2024-12-15 20:24:22.175','2024-12-15 20:24:22.175','logoEquipo.jpg'),(36,'Taurus',50,'2024-12-15 20:24:22.178','2024-12-15 20:24:22.178','logoEquipo.jpg'),(37,'Vibe',42,'2024-12-15 20:24:22.182','2024-12-15 20:24:22.182','logoEquipo.jpg'),(38,'SL-Class',40,'2024-12-15 20:24:22.185','2024-12-15 20:24:22.185','logoEquipo.jpg'),(39,'Grand Caravan',3,'2024-12-15 20:24:22.189','2024-12-15 20:24:22.189','logoEquipo.jpg'),(40,'Integraz',19,'2024-12-15 20:24:22.193','2024-12-15 20:24:22.193','logoEquipo.jpg'),(41,'SVX',28,'2024-12-15 20:24:22.196','2024-12-15 20:24:22.196','logoEquipo.jpg'),(42,'S60',14,'2024-12-15 20:24:22.199','2024-12-15 20:24:22.199','logoEquipo.jpg'),(43,'Sierra',38,'2024-12-15 20:24:22.204','2024-12-15 20:24:22.204','logoEquipo.jpg'),(44,'Sunbird',45,'2024-12-15 20:24:22.207','2024-12-15 20:24:22.207','logoEquipo.jpg'),(45,'Pathfinder',4,'2024-12-15 20:24:22.210','2024-12-15 20:24:22.210','logoEquipo.jpg'),(46,'Integra',51,'2024-12-15 20:24:22.214','2024-12-21 00:04:53.230','logoEquipo.jpg'),(47,'Freestyle',51,'2024-12-15 20:24:22.218','2024-12-15 20:24:22.218','logoEquipo.jpg'),(48,'Ram 2500',51,'2024-12-15 20:24:22.221','2024-12-15 20:24:22.221','logoEquipo.jpg'),(49,'F250',38,'2024-12-15 20:24:22.224','2024-12-15 20:24:22.224','logoEquipo.jpg'),(50,'Skyhawk',51,'2024-12-15 20:24:22.228','2024-12-15 20:24:22.228','logoEquipo.jpg'),(63,'Mcaco',51,'2024-12-21 00:25:41.612','2024-12-21 01:16:56.142','logoEquipo.jpg'),(64,'DSADAS',51,'2024-12-21 01:24:36.197','2024-12-21 01:45:17.355','logoEquipo.jpg'),(67,'HAD A FEW',51,'2024-12-21 01:59:13.935','2024-12-21 01:59:13.935','logoEquipo.jpg'),(68,'News',51,'2024-12-21 02:12:20.465','2024-12-21 02:13:19.332','1734747157782-271497808-logoTorneo.png');
/*!40000 ALTER TABLE `equipos` ENABLE KEYS */;
UNLOCK TABLES;

--
-- Table structure for table `estadisticas`
--

DROP TABLE IF EXISTS `estadisticas`;
/*!40101 SET @saved_cs_client     = @@character_set_client */;
/*!50503 SET character_set_client = utf8mb4 */;
CREATE TABLE `estadisticas` (
  `torneo_id` int unsigned NOT NULL,
  `equipo_id` int unsigned NOT NULL,
  `PT` int unsigned NOT NULL DEFAULT '0',
  `CA` int unsigned NOT NULL DEFAULT '0',
  `DC` int NOT NULL DEFAULT '0',
  `CC` int unsigned NOT NULL DEFAULT '0',
  `created_at` datetime(3) DEFAULT CURRENT_TIMESTAMP(3),
  `updated_at` datetime(3) DEFAULT NULL,
  `id` int unsigned NOT NULL AUTO_INCREMENT,
  PRIMARY KEY (`id`),
  KEY `estadisticas_equipo_id_foreign` (`equipo_id`),
  KEY `estadisticas_torneo_id_foreign` (`torneo_id`),
  CONSTRAINT `estadisticas_equipo_id_foreign` FOREIGN KEY (`equipo_id`) REFERENCES `equipos` (`id`) ON DELETE CASCADE ON UPDATE RESTRICT,
  CONSTRAINT `estadisticas_torneo_id_foreign` FOREIGN KEY (`torneo_id`) REFERENCES `torneos` (`id`) ON DELETE CASCADE ON UPDATE RESTRICT
) ENGINE=InnoDB AUTO_INCREMENT=191 DEFAULT CHARSET=utf8mb4 COLLATE=utf8mb4_unicode_ci;
/*!40101 SET character_set_client = @saved_cs_client */;

--
-- Dumping data for table `estadisticas`
--

LOCK TABLES `estadisticas` WRITE;
/*!40000 ALTER TABLE `estadisticas` DISABLE KEYS */;
INSERT INTO `estadisticas` VALUES (1,44,0,0,0,0,'2024-12-15 20:24:22.572','2024-12-15 20:24:22.572',1),(2,26,0,0,0,0,'2024-12-15 20:24:22.577','2024-12-15 20:24:22.577',2),(3,15,0,0,0,0,'2024-12-15 20:24:22.581','2024-12-15 20:24:22.581',3),(4,31,0,0,0,0,'2024-12-15 20:24:22.585','2024-12-15 20:24:22.585',4),(5,43,0,0,0,0,'2024-12-15 20:24:22.588','2024-12-15 20:24:22.588',5),(6,48,0,0,0,0,'2024-12-15 20:24:22.592','2024-12-15 20:24:22.592',6),(7,22,0,0,0,0,'2024-12-15 20:24:22.596','2024-12-15 20:24:22.596',7),(8,20,0,0,0,0,'2024-12-15 20:24:22.599','2024-12-15 20:24:22.599',8),(9,45,0,0,0,0,'2024-12-15 20:24:22.603','2024-12-15 20:24:22.603',9),(10,18,0,0,0,0,'2024-12-15 20:24:22.607','2024-12-15 20:24:22.607',10),(11,1,0,0,0,0,'2024-12-15 20:24:22.613','2025-01-29 21:54:23.827',11),(12,7,0,0,0,0,'2024-12-15 20:24:22.618','2024-12-15 20:24:22.618',12),(13,28,0,0,0,0,'2024-12-15 20:24:22.624','2024-12-15 20:24:22.624',13),(14,29,0,0,0,0,'2024-12-15 20:24:22.628','2024-12-15 20:24:22.628',14),(15,31,0,0,0,0,'2024-12-15 20:24:22.631','2024-12-15 20:24:22.631',15),(16,9,0,0,0,0,'2024-12-15 20:24:22.634','2024-12-15 20:24:22.634',16),(17,4,0,0,0,0,'2024-12-15 20:24:22.638','2024-12-15 20:24:22.638',17),(18,20,0,0,0,0,'2024-12-15 20:24:22.642','2024-12-15 20:24:22.642',18),(19,42,0,0,0,0,'2024-12-15 20:24:22.645','2024-12-15 20:24:22.645',19),(20,28,0,0,0,0,'2024-12-15 20:24:22.649','2024-12-15 20:24:22.649',20),(21,48,0,0,0,0,'2024-12-15 20:24:22.653','2024-12-15 20:24:22.653',21),(22,38,0,0,0,0,'2024-12-15 20:24:22.657','2024-12-15 20:24:22.657',22),(23,50,0,0,0,0,'2024-12-15 20:24:22.660','2024-12-15 20:24:22.660',23),(24,37,0,0,0,0,'2024-12-15 20:24:22.664','2024-12-15 20:24:22.664',24),(25,46,0,0,0,0,'2024-12-15 20:24:22.668','2024-12-15 20:24:22.668',25),(26,44,0,0,0,0,'2024-12-15 20:24:22.672','2024-12-15 20:24:22.672',26),(27,5,0,0,0,0,'2024-12-15 20:24:22.677','2024-12-15 20:24:22.677',27),(28,18,0,0,0,0,'2024-12-15 20:24:22.681','2024-12-15 20:24:22.681',28),(29,32,0,0,0,0,'2024-12-15 20:24:22.685','2024-12-15 20:24:22.685',29),(30,12,0,0,0,0,'2024-12-15 20:24:22.689','2024-12-15 20:24:22.689',30),(39,1,4,84,96,45,'2024-12-15 20:30:21.255','2024-12-20 02:10:09.024',31),(39,2,0,0,0,0,'2024-12-15 20:30:21.261','2024-12-15 20:30:21.261',32),(39,3,0,0,0,0,'2024-12-15 20:30:52.017','2024-12-15 20:30:52.017',33),(39,4,0,0,0,0,'2024-12-15 20:30:52.021','2024-12-15 20:30:52.021',34),(39,5,0,0,0,0,'2024-12-15 20:31:10.432','2024-12-15 20:31:10.432',35),(39,6,0,0,0,0,'2024-12-15 20:31:10.438','2024-12-15 20:31:10.438',36),(39,7,1,0,0,0,'2024-12-15 20:32:28.962','2024-12-15 20:32:28.962',37),(39,8,0,0,0,0,'2024-12-15 20:32:28.983','2024-12-15 20:32:28.983',38),(39,1,0,0,0,0,'2024-12-15 21:08:50.770','2025-01-29 22:49:04.286',39),(39,3,4,0,0,0,'2024-12-15 21:08:50.776','2024-12-15 21:08:50.776',40),(39,3,0,0,0,0,'2024-12-15 21:09:15.794','2024-12-15 21:09:15.794',41),(39,1,0,0,0,0,'2024-12-15 21:09:15.801','2025-01-29 22:49:42.452',42),(39,3,0,0,0,0,'2024-12-15 21:15:15.050','2024-12-15 21:15:15.050',43),(39,1,0,0,0,0,'2024-12-15 21:15:15.058','2025-01-29 21:59:32.809',44),(39,1,2,0,0,0,'2024-12-16 18:32:35.555','2025-01-29 19:53:58.328',45),(39,3,3,0,0,0,'2024-12-16 18:32:35.568','2024-12-16 18:32:35.568',46),(39,5,6,0,0,0,'2024-12-16 18:42:22.307','2024-12-16 18:42:22.307',47),(39,7,3,0,0,0,'2024-12-16 18:42:22.313','2024-12-16 18:42:22.313',48),(39,3,0,0,0,0,'2024-12-16 19:09:42.906','2024-12-16 19:09:42.906',49),(39,5,0,0,0,0,'2024-12-16 19:09:42.913','2024-12-16 19:09:42.913',50),(39,5,7,0,0,0,'2024-12-16 19:14:22.325','2024-12-16 19:14:22.325',51),(39,7,8,0,0,0,'2024-12-16 19:14:22.331','2024-12-16 19:14:22.331',52),(41,5,5,0,0,0,'2024-12-16 19:16:29.586','2024-12-16 19:16:29.586',53),(41,2,6,0,0,0,'2024-12-16 19:16:29.590','2024-12-16 19:16:29.590',54),(41,7,4,0,0,0,'2024-12-16 19:20:35.409','2024-12-16 19:20:35.409',55),(41,4,5,0,0,0,'2024-12-16 19:20:35.416','2024-12-16 19:20:35.416',56),(41,10,8,0,0,0,'2024-12-16 19:21:04.703','2024-12-16 19:21:04.703',57),(41,3,9,0,0,0,'2024-12-16 19:21:04.707','2024-12-16 19:21:04.707',58),(41,9,6,0,0,0,'2024-12-16 19:21:26.078','2024-12-16 19:21:26.078',59),(41,12,4,0,0,0,'2024-12-16 19:21:26.085','2024-12-16 19:21:26.085',60),(41,14,0,0,0,0,'2024-12-16 19:22:04.883','2024-12-16 19:22:04.883',61),(41,6,0,0,0,0,'2024-12-16 19:22:04.888','2024-12-16 19:22:04.888',62),(41,11,6,0,0,0,'2024-12-16 19:22:26.479','2024-12-16 19:22:26.479',63),(41,8,4,0,0,0,'2024-12-16 19:22:26.484','2024-12-16 19:22:26.484',64),(41,19,0,0,0,0,'2024-12-16 19:22:43.499','2024-12-16 19:22:43.499',65),(41,15,0,0,0,0,'2024-12-16 19:22:43.503','2024-12-16 19:22:43.503',66),(41,17,3,0,0,0,'2024-12-16 19:23:06.528','2024-12-16 19:23:06.528',67),(41,22,6,0,0,0,'2024-12-16 19:23:06.534','2024-12-16 19:23:06.534',68),(41,2,3,0,0,0,'2024-12-16 21:15:37.556','2024-12-16 21:15:37.556',69),(41,4,4,0,0,0,'2024-12-16 21:15:37.571','2024-12-16 21:15:37.571',70),(41,3,4,0,0,0,'2024-12-16 21:16:10.163','2024-12-16 21:16:10.163',71),(41,14,5,0,0,0,'2024-12-16 21:16:10.168','2024-12-16 21:16:10.168',72),(41,3,4,0,0,0,'2024-12-16 23:00:03.848','2024-12-16 23:00:03.848',73),(41,19,5,0,0,0,'2024-12-16 23:00:03.854','2024-12-16 23:00:03.854',74),(41,11,3,0,0,0,'2024-12-16 23:21:34.679','2024-12-16 23:21:34.679',75),(41,22,2,0,0,0,'2024-12-16 23:21:34.688','2024-12-16 23:21:34.688',76),(41,9,3,0,0,0,'2024-12-16 23:22:13.214','2024-12-16 23:22:13.214',77),(41,14,2,0,0,0,'2024-12-16 23:22:13.232','2024-12-16 23:22:13.232',78),(41,4,3,0,0,0,'2024-12-16 23:23:56.930','2024-12-16 23:23:56.930',79),(41,11,5,0,0,0,'2024-12-16 23:23:56.935','2024-12-16 23:23:56.935',80),(41,19,2,0,0,0,'2024-12-16 23:32:04.490','2024-12-16 23:32:04.490',81),(41,9,1,0,0,0,'2024-12-16 23:32:04.501','2024-12-16 23:32:04.501',82),(41,19,11,0,0,0,'2024-12-16 23:32:47.558','2024-12-16 23:32:47.558',83),(41,11,0,0,0,0,'2024-12-16 23:32:47.563','2024-12-16 23:32:47.563',84),(40,1,0,0,0,0,'2024-12-16 23:34:06.824','2025-01-29 22:25:28.196',85),(40,2,0,0,0,0,'2024-12-16 23:34:06.829','2024-12-16 23:34:06.829',86),(40,4,1,0,0,0,'2024-12-16 23:34:29.423','2024-12-16 23:34:29.423',87),(40,3,2,0,0,0,'2024-12-16 23:34:29.428','2024-12-16 23:34:29.428',88),(40,5,2,0,0,0,'2024-12-16 23:34:47.437','2024-12-16 23:34:47.437',89),(40,6,0,0,0,0,'2024-12-16 23:34:47.441','2024-12-16 23:34:47.441',90),(40,7,0,0,0,0,'2024-12-16 23:35:06.511','2024-12-16 23:35:06.511',91),(40,8,2,0,0,0,'2024-12-16 23:35:06.515','2024-12-16 23:35:06.515',92),(40,9,0,0,0,0,'2024-12-16 23:35:22.228','2024-12-16 23:35:22.228',93),(40,10,2,0,0,0,'2024-12-16 23:35:22.233','2024-12-16 23:35:22.233',94),(40,11,0,0,0,0,'2024-12-16 23:35:36.425','2024-12-16 23:35:36.425',95),(40,12,0,0,0,0,'2024-12-16 23:35:36.430','2024-12-16 23:35:36.430',96),(40,13,0,0,0,0,'2024-12-16 23:35:53.087','2024-12-16 23:35:53.087',97),(40,14,2,0,0,0,'2024-12-16 23:35:53.091','2024-12-16 23:35:53.091',98),(40,15,2,0,0,0,'2024-12-16 23:36:07.048','2024-12-16 23:36:07.048',99),(40,16,0,0,0,0,'2024-12-16 23:36:07.052','2024-12-16 23:36:07.052',100),(40,17,2,0,0,0,'2024-12-16 23:36:25.986','2024-12-16 23:36:25.986',101),(40,18,0,0,0,0,'2024-12-16 23:36:25.990','2024-12-16 23:36:25.990',102),(40,19,2,0,0,0,'2024-12-16 23:36:43.891','2024-12-16 23:36:43.891',103),(40,20,0,0,0,0,'2024-12-16 23:36:43.895','2024-12-16 23:36:43.895',104),(40,21,2,0,0,0,'2024-12-16 23:36:59.332','2024-12-16 23:36:59.332',105),(40,22,0,0,0,0,'2024-12-16 23:36:59.337','2024-12-16 23:36:59.337',106),(40,23,4,0,0,0,'2024-12-16 23:37:15.607','2024-12-16 23:37:15.607',107),(40,24,0,0,0,0,'2024-12-16 23:37:15.612','2024-12-16 23:37:15.612',108),(40,25,0,0,0,0,'2024-12-16 23:37:29.830','2024-12-16 23:37:29.830',109),(40,26,4,0,0,0,'2024-12-16 23:37:29.836','2024-12-16 23:37:29.836',110),(40,27,0,0,0,0,'2024-12-16 23:37:41.904','2024-12-16 23:37:41.904',111),(40,28,4,0,0,0,'2024-12-16 23:37:41.908','2024-12-16 23:37:41.908',112),(40,29,2,0,0,0,'2024-12-16 23:38:13.327','2024-12-16 23:38:13.327',113),(40,30,0,0,0,0,'2024-12-16 23:38:13.331','2024-12-16 23:38:13.331',114),(40,31,0,0,0,0,'2024-12-16 23:38:27.579','2024-12-16 23:38:27.579',115),(40,32,4,0,0,0,'2024-12-16 23:38:27.583','2024-12-16 23:38:27.583',116),(40,1,0,0,0,0,'2024-12-16 23:39:54.927','2025-01-29 22:32:56.371',117),(40,32,5,0,0,0,'2024-12-16 23:39:54.931','2024-12-16 23:39:54.931',118),(40,5,0,0,0,0,'2024-12-16 23:40:46.011','2024-12-16 23:40:46.011',119),(40,15,6,0,0,0,'2024-12-16 23:40:46.016','2024-12-16 23:40:46.016',120),(40,3,0,0,0,0,'2024-12-16 23:41:15.675','2024-12-16 23:41:15.675',121),(40,14,2,0,0,0,'2024-12-16 23:41:15.680','2024-12-16 23:41:15.680',122),(40,10,2,0,0,0,'2024-12-16 23:41:47.085','2024-12-16 23:41:47.085',123),(40,21,0,0,0,0,'2024-12-16 23:41:47.090','2024-12-16 23:41:47.090',124),(40,26,0,0,0,0,'2024-12-16 23:42:20.318','2024-12-16 23:42:20.318',125),(40,28,2,0,0,0,'2024-12-16 23:42:20.322','2024-12-16 23:42:20.322',126),(40,29,2,0,0,0,'2024-12-16 23:42:39.106','2024-12-16 23:42:39.106',127),(40,8,0,0,0,0,'2024-12-16 23:42:39.112','2024-12-16 23:42:39.112',128),(40,23,2,0,0,0,'2024-12-16 23:42:55.638','2024-12-16 23:42:55.638',129),(40,19,0,0,0,0,'2024-12-16 23:42:55.642','2024-12-16 23:42:55.642',130),(40,17,0,0,0,0,'2024-12-16 23:43:08.840','2024-12-16 23:43:08.840',131),(40,11,2,0,0,0,'2024-12-16 23:43:08.846','2024-12-16 23:43:08.846',132),(40,15,0,0,0,0,'2024-12-16 23:43:37.000','2024-12-16 23:43:37.000',133),(40,10,2,0,0,0,'2024-12-16 23:43:37.004','2024-12-16 23:43:37.004',134),(40,23,2,0,0,0,'2024-12-16 23:44:00.089','2024-12-16 23:44:00.089',135),(40,14,0,0,0,0,'2024-12-16 23:44:00.095','2024-12-16 23:44:00.095',136),(40,29,2,0,0,0,'2024-12-16 23:44:19.848','2024-12-16 23:44:19.848',137),(40,28,0,0,0,0,'2024-12-16 23:44:19.852','2024-12-16 23:44:19.852',138),(40,32,0,0,0,0,'2024-12-16 23:44:39.632','2024-12-16 23:44:39.632',139),(40,11,2,0,0,0,'2024-12-16 23:44:39.636','2024-12-16 23:44:39.636',140),(40,10,0,0,0,0,'2024-12-16 23:45:02.292','2024-12-16 23:45:02.292',141),(40,23,3,0,0,0,'2024-12-16 23:45:02.298','2024-12-16 23:45:02.298',142),(40,29,0,0,0,0,'2024-12-16 23:45:15.878','2024-12-16 23:45:15.878',143),(40,11,3,0,0,0,'2024-12-16 23:45:15.882','2024-12-16 23:45:15.882',144),(39,9,0,0,0,0,'2024-12-16 23:46:13.011','2024-12-16 23:46:13.011',145),(39,10,2,0,0,0,'2024-12-16 23:46:13.015','2024-12-16 23:46:13.015',146),(39,12,0,0,0,0,'2024-12-16 23:46:26.396','2024-12-16 23:46:26.396',147),(39,11,2,0,0,0,'2024-12-16 23:46:26.400','2024-12-16 23:46:26.400',148),(39,14,0,0,0,0,'2024-12-16 23:46:39.905','2024-12-16 23:46:39.905',149),(39,19,2,0,0,0,'2024-12-16 23:46:39.909','2024-12-16 23:46:39.909',150),(39,28,2,0,0,0,'2024-12-16 23:46:54.589','2024-12-16 23:46:54.589',151),(39,20,0,0,0,0,'2024-12-16 23:46:54.593','2024-12-16 23:46:54.593',152),(39,10,0,0,0,0,'2024-12-16 23:47:14.275','2024-12-16 23:47:14.275',153),(39,19,2,0,0,0,'2024-12-16 23:47:14.280','2024-12-16 23:47:14.280',154),(39,28,0,0,0,0,'2024-12-16 23:47:28.742','2024-12-16 23:47:28.742',155),(39,10,1,0,0,0,'2024-12-18 00:47:31.834','2024-12-18 00:47:31.834',157),(39,19,2,0,0,0,'2024-12-18 00:47:31.844','2024-12-18 00:47:31.844',158),(39,10,1,0,0,0,'2024-12-18 01:04:06.647','2024-12-18 01:04:06.647',159),(39,19,2,0,0,0,'2024-12-18 01:04:06.654','2024-12-18 01:04:06.654',160),(39,28,0,0,0,0,'2024-12-18 01:44:09.355','2024-12-18 01:44:09.355',162),(39,40,0,0,0,0,'2024-12-18 01:56:30.533','2024-12-18 01:56:30.533',163),(39,15,0,0,0,0,'2024-12-18 01:56:30.538','2024-12-18 01:56:30.538',164),(40,11,1,0,0,0,'2024-12-18 20:29:45.059','2024-12-18 20:29:45.059',165),(40,23,4,0,0,0,'2024-12-18 20:29:45.114','2024-12-18 20:29:45.114',166),(42,2,0,0,0,0,'2024-12-19 00:36:40.135','2024-12-19 00:36:40.135',167),(42,1,0,0,0,0,'2024-12-19 00:36:40.141','2025-02-28 03:28:07.192',168),(39,23,2,0,0,0,'2024-12-19 18:10:33.859','2024-12-19 18:10:33.859',171),(39,13,0,0,0,0,'2024-12-19 18:10:33.864','2024-12-19 18:10:33.864',172),(39,23,0,0,0,0,'2024-12-19 18:10:55.617','2024-12-19 18:10:55.617',173),(39,10,3,0,0,0,'2024-12-19 18:10:55.621','2024-12-19 18:10:55.621',174),(42,3,4,0,0,0,'2024-12-19 18:32:55.307','2024-12-19 18:32:55.307',177),(42,4,0,0,0,0,'2024-12-19 18:32:55.312','2024-12-19 18:32:55.312',178),(42,5,0,0,0,0,'2024-12-19 18:33:18.493','2024-12-19 18:33:18.493',179),(42,6,3,0,0,0,'2024-12-19 18:33:18.497','2024-12-19 18:33:18.497',180),(42,9,5,0,0,0,'2024-12-19 18:33:45.920','2024-12-19 18:43:22.736',181),(42,7,2,0,0,0,'2024-12-19 18:33:45.924','2025-01-31 04:03:04.930',182),(42,9,7,0,0,0,'2024-12-19 18:43:57.118','2024-12-19 18:44:11.588',185),(42,2,3,1,0,2,'2024-12-19 18:43:57.124','2025-02-01 00:08:26.290',186),(42,3,6,0,0,0,'2024-12-19 21:24:37.294','2024-12-19 21:24:37.294',187),(42,6,3,0,0,0,'2024-12-19 21:24:37.299','2024-12-19 21:24:37.299',188),(42,3,5,0,0,0,'2024-12-19 21:52:49.515','2024-12-19 21:52:49.515',189),(42,9,3,0,0,0,'2024-12-19 21:52:49.524','2024-12-19 21:52:49.524',190);
/*!40000 ALTER TABLE `estadisticas` ENABLE KEYS */;
UNLOCK TABLES;

--
-- Table structure for table `miembro_equipos`
--

DROP TABLE IF EXISTS `miembro_equipos`;
/*!40101 SET @saved_cs_client     = @@character_set_client */;
/*!50503 SET character_set_client = utf8mb4 */;
CREATE TABLE `miembro_equipos` (
  `user_miembro` varchar(255) COLLATE utf8mb4_unicode_ci NOT NULL,
  `equipo_id` int unsigned NOT NULL,
  `created_at` datetime(3) DEFAULT CURRENT_TIMESTAMP(3),
  `updated_at` datetime(3) DEFAULT NULL,
  `id` int unsigned NOT NULL AUTO_INCREMENT,
  PRIMARY KEY (`id`),
  KEY `miembro_equipos_equipo_id_foreign` (`equipo_id`),
  CONSTRAINT `miembro_equipos_equipo_id_foreign` FOREIGN KEY (`equipo_id`) REFERENCES `equipos` (`id`) ON DELETE CASCADE ON UPDATE RESTRICT
) ENGINE=InnoDB AUTO_INCREMENT=49 DEFAULT CHARSET=utf8mb4 COLLATE=utf8mb4_unicode_ci;
/*!40101 SET character_set_client = @saved_cs_client */;

--
-- Dumping data for table `miembro_equipos`
--

LOCK TABLES `miembro_equipos` WRITE;
/*!40000 ALTER TABLE `miembro_equipos` DISABLE KEYS */;
INSERT INTO `miembro_equipos` VALUES ('Member',63,'2024-12-21 01:16:56.142','2024-12-21 01:16:56.142',6),('member2',63,'2024-12-21 01:16:56.142','2024-12-21 01:16:56.142',7),('member3',63,'2024-12-21 01:16:56.142','2024-12-21 01:16:56.142',8),('member1',1,'2024-12-21 01:45:17.355','2024-12-21 01:45:17.355',22),('member2',64,'2024-12-21 01:45:17.355','2024-12-21 01:45:17.355',23),('dsad',64,'2024-12-21 01:45:17.355','2024-12-21 01:45:17.355',24),('das',67,'2024-12-21 01:59:13.935','2024-12-21 01:59:13.935',29),('a',67,'2024-12-21 01:59:13.935','2024-12-21 01:59:13.935',30),('dass',68,'2024-12-21 02:13:19.332','2024-12-21 02:13:19.332',35),('dsaaa',68,'2024-12-21 02:13:19.332','2024-12-21 02:13:19.332',36);
/*!40000 ALTER TABLE `miembro_equipos` ENABLE KEYS */;
UNLOCK TABLES;

--
-- Table structure for table `notifications`
--

DROP TABLE IF EXISTS `notifications`;
/*!40101 SET @saved_cs_client     = @@character_set_client */;
/*!50503 SET character_set_client = utf8mb4 */;
CREATE TABLE `notifications` (
  `equipo_id` int unsigned DEFAULT NULL,
  `torneo_id` int unsigned DEFAULT NULL,
  `user_id` int unsigned NOT NULL,
  `user_id2` int unsigned DEFAULT NULL,
  `status` enum('pending','accepted','rejected') COLLATE utf8mb4_unicode_ci NOT NULL DEFAULT 'pending',
  `created_at` datetime(3) DEFAULT CURRENT_TIMESTAMP(3),
  `updated_at` datetime(3) DEFAULT NULL,
  `id` int unsigned NOT NULL AUTO_INCREMENT,
  PRIMARY KEY (`id`),
  KEY `notifications_equipo_id_foreign` (`equipo_id`),
  KEY `notifications_torneo_id_foreign` (`torneo_id`),
  KEY `notifications_user_id2_foreign` (`user_id2`),
  KEY `notifications_user_id_foreign` (`user_id`),
  CONSTRAINT `notifications_equipo_id_foreign` FOREIGN KEY (`equipo_id`) REFERENCES `equipos` (`id`) ON DELETE CASCADE ON UPDATE RESTRICT,
  CONSTRAINT `notifications_torneo_id_foreign` FOREIGN KEY (`torneo_id`) REFERENCES `torneos` (`id`) ON DELETE CASCADE ON UPDATE RESTRICT,
  CONSTRAINT `notifications_user_id_foreign` FOREIGN KEY (`user_id`) REFERENCES `users` (`id`) ON DELETE CASCADE ON UPDATE RESTRICT
) ENGINE=InnoDB AUTO_INCREMENT=12 DEFAULT CHARSET=utf8mb4 COLLATE=utf8mb4_unicode_ci;
/*!40101 SET character_set_client = @saved_cs_client */;

--
-- Dumping data for table `notifications`
--

LOCK TABLES `notifications` WRITE;
/*!40000 ALTER TABLE `notifications` DISABLE KEYS */;
INSERT INTO `notifications` VALUES (20,29,51,50,'rejected','2024-12-18 15:04:46.086','2024-12-18 21:47:24.235',4),(3,22,51,30,'accepted','2024-12-18 18:13:14.015',NULL,8),(5,39,50,51,'pending','2024-12-18 18:14:00.908',NULL,9),(47,2,51,31,'pending','2024-12-21 18:56:28.716','2024-12-21 18:56:28.716',11);
/*!40000 ALTER TABLE `notifications` ENABLE KEYS */;
UNLOCK TABLES;

--
-- Table structure for table `partidos`
--

DROP TABLE IF EXISTS `partidos`;
/*!40101 SET @saved_cs_client     = @@character_set_client */;
/*!50503 SET character_set_client = utf8mb4 */;
CREATE TABLE `partidos` (
  `id` int unsigned NOT NULL AUTO_INCREMENT,
  `horaPartido` time NOT NULL,
  `fechaPartido` date NOT NULL,
  `jornada` date NOT NULL,
  `resLocal` int unsigned DEFAULT NULL,
  `resVisitante` int unsigned DEFAULT NULL,
  `equipoLocal_id` int unsigned NOT NULL,
  `equipoVisitante_id` int unsigned NOT NULL,
  `torneo_id` int unsigned NOT NULL,
  `created_at` datetime(3) DEFAULT CURRENT_TIMESTAMP(3),
  `updated_at` datetime(3) DEFAULT NULL,
  PRIMARY KEY (`id`),
  KEY `partidos_equipolocal_id_foreign` (`equipoLocal_id`),
  KEY `partidos_equipovisitante_id_foreign` (`equipoVisitante_id`),
  KEY `partidos_torneo_id_foreign` (`torneo_id`),
  CONSTRAINT `partidos_equipolocal_id_foreign` FOREIGN KEY (`equipoLocal_id`) REFERENCES `equipos` (`id`) ON DELETE CASCADE ON UPDATE RESTRICT,
  CONSTRAINT `partidos_equipovisitante_id_foreign` FOREIGN KEY (`equipoVisitante_id`) REFERENCES `equipos` (`id`) ON DELETE CASCADE ON UPDATE RESTRICT,
  CONSTRAINT `partidos_torneo_id_foreign` FOREIGN KEY (`torneo_id`) REFERENCES `torneos` (`id`) ON DELETE CASCADE ON UPDATE RESTRICT
) ENGINE=InnoDB AUTO_INCREMENT=121 DEFAULT CHARSET=utf8mb4 COLLATE=utf8mb4_unicode_ci;
/*!40101 SET character_set_client = @saved_cs_client */;

--
-- Dumping data for table `partidos`
--

LOCK TABLES `partidos` WRITE;
/*!40000 ALTER TABLE `partidos` DISABLE KEYS */;
INSERT INTO `partidos` VALUES (2,'19:01:36','2023-11-24','2024-08-27',10,7,46,26,21,'2024-12-15 20:24:22.418','2024-12-15 20:24:22.418'),(3,'01:18:57','2024-05-27','2023-12-01',8,1,10,39,16,'2024-12-15 20:24:22.422','2024-12-15 20:24:22.422'),(4,'15:07:28','2024-02-03','2024-02-03',8,1,30,31,6,'2024-12-15 20:24:22.426','2024-12-15 20:24:22.426'),(5,'16:02:15','2024-04-26','2024-04-14',4,5,42,27,7,'2024-12-15 20:24:22.429','2024-12-15 20:24:22.429'),(6,'03:56:52','2024-04-28','2024-04-22',7,4,13,19,26,'2024-12-15 20:24:22.433','2024-12-15 20:24:22.433'),(7,'16:28:25','2023-12-25','2023-11-01',10,7,12,19,22,'2024-12-15 20:24:22.437','2024-12-15 20:24:22.437'),(8,'22:04:43','2024-02-13','2024-02-23',6,7,50,46,33,'2024-12-15 20:24:22.441','2024-12-15 20:24:22.441'),(9,'01:00:19','2023-10-07','2024-06-07',6,8,28,16,36,'2024-12-15 20:24:22.445','2024-12-15 20:24:22.445'),(10,'19:23:02','2023-10-18','2024-06-07',10,7,31,14,28,'2024-12-15 20:24:22.448','2024-12-15 20:24:22.448'),(11,'20:19:16','2024-02-05','2024-07-27',8,7,22,22,30,'2024-12-15 20:24:22.452','2024-12-15 20:24:22.452'),(12,'14:18:52','2024-10-04','2023-10-28',2,6,10,46,20,'2024-12-15 20:24:22.456','2024-12-15 20:24:22.456'),(13,'01:50:22','2024-04-22','2024-03-20',2,10,45,42,36,'2024-12-15 20:24:22.460','2024-12-15 20:24:22.460'),(14,'19:45:48','2024-03-26','2023-12-17',8,1,25,27,14,'2024-12-15 20:24:22.464','2024-12-15 20:24:22.464'),(15,'00:08:34','2024-09-21','2024-06-15',2,4,2,20,17,'2024-12-15 20:24:22.468','2024-12-15 20:24:22.468'),(16,'15:10:20','2024-08-16','2023-12-23',6,6,48,32,17,'2024-12-15 20:24:22.472','2024-12-15 20:24:22.472'),(17,'21:31:23','2024-02-15','2024-01-09',9,5,19,21,19,'2024-12-15 20:24:22.475','2024-12-15 20:24:22.475'),(18,'19:40:54','2023-12-06','2024-07-23',1,5,43,47,37,'2024-12-15 20:24:22.479','2024-12-15 20:24:22.479'),(19,'04:39:13','2024-10-13','2024-09-25',4,5,7,47,15,'2024-12-15 20:24:22.483','2024-12-15 20:24:22.483'),(20,'02:34:33','2023-10-18','2023-12-27',7,3,19,32,25,'2024-12-15 20:24:22.487','2024-12-15 20:24:22.487'),(21,'04:48:54','2024-04-05','2024-04-18',8,9,28,31,6,'2024-12-15 20:24:22.491','2024-12-15 20:24:22.491'),(22,'19:42:09','2024-06-14','2024-01-12',10,5,7,25,30,'2024-12-15 20:24:22.495','2024-12-15 20:24:22.495'),(23,'00:01:19','2023-10-15','2024-10-04',4,4,47,3,17,'2024-12-15 20:24:22.499','2024-12-15 20:24:22.499'),(24,'22:22:45','2024-02-01','2024-05-28',6,3,45,3,2,'2024-12-15 20:24:22.503','2024-12-15 20:24:22.503'),(25,'04:58:34','2024-03-08','2024-10-05',3,9,24,41,33,'2024-12-15 20:24:22.507','2024-12-15 20:24:22.507'),(26,'15:24:18','2024-04-01','2024-03-28',8,4,31,42,23,'2024-12-15 20:24:22.510','2024-12-15 20:24:22.510'),(28,'17:26:26','2024-09-29','2024-07-14',7,2,35,48,18,'2024-12-15 20:24:22.519','2024-12-15 20:24:22.519'),(29,'14:31:17','2023-09-08','2024-08-01',5,3,37,42,11,'2024-12-15 20:24:22.522','2024-12-15 20:24:22.522'),(30,'18:48:06','2023-10-12','2023-09-09',6,6,29,3,26,'2024-12-15 20:24:22.526','2024-12-15 20:24:22.526'),(31,'16:08:05','2023-09-19','2024-04-01',8,2,6,36,25,'2024-12-15 20:24:22.530','2024-12-15 20:24:22.530'),(32,'21:18:17','2023-12-24','2023-09-05',4,3,5,25,6,'2024-12-15 20:24:22.535','2024-12-15 20:24:22.535'),(33,'17:26:09','2024-03-08','2023-11-28',9,8,30,7,7,'2024-12-15 20:24:22.541','2024-12-15 20:24:22.541'),(34,'22:42:32','2024-09-25','2024-06-26',1,8,5,36,4,'2024-12-15 20:24:22.545','2024-12-15 20:24:22.545'),(35,'16:55:23','2023-12-14','2024-07-05',5,3,28,40,22,'2024-12-15 20:24:22.549','2024-12-15 20:24:22.549'),(36,'22:41:53','2023-12-11','2023-11-20',9,5,17,50,2,'2024-12-15 20:24:22.553','2024-12-15 20:24:22.553'),(37,'15:20:03','2024-02-08','2023-09-02',10,10,48,28,35,'2024-12-15 20:24:22.556','2024-12-15 20:24:22.556'),(38,'16:09:39','2023-10-06','2024-06-27',4,7,48,43,17,'2024-12-15 20:24:22.560','2024-12-15 20:24:22.560'),(39,'19:46:35','2024-02-09','2024-06-09',9,6,49,22,33,'2024-12-15 20:24:22.564','2024-12-15 20:24:22.564'),(52,'19:18:00','2025-03-22','2025-03-28',5,6,5,2,41,'2024-12-16 19:16:29.580','2024-12-16 19:16:29.580'),(53,'19:23:00','2025-03-21','2025-03-22',4,5,7,4,41,'2024-12-16 19:20:35.404','2024-12-16 19:20:35.404'),(54,'19:23:00','2025-03-22','2025-03-21',8,9,10,3,41,'2024-12-16 19:21:04.698','2024-12-16 19:21:04.698'),(55,'19:24:00','2025-03-22','2025-03-29',6,4,9,12,41,'2024-12-16 19:21:26.072','2024-12-16 19:21:26.072'),(56,'19:24:00','2025-03-28','2025-03-22',0,0,14,6,41,'2024-12-16 19:22:04.879','2024-12-16 19:22:04.879'),(57,'19:25:00','2025-03-21','2025-03-22',6,4,11,8,41,'2024-12-16 19:22:26.475','2024-12-16 19:22:26.475'),(58,'19:25:00','2025-03-22','2025-03-29',0,0,19,15,41,'2024-12-16 19:22:43.494','2024-12-16 19:22:43.494'),(59,'19:24:00','2025-03-21','2025-03-28',3,6,17,22,41,'2024-12-16 19:23:06.520','2024-12-16 19:23:06.520'),(60,'21:17:00','2025-03-22','2025-03-22',3,4,2,4,41,'2024-12-16 21:15:37.526','2024-12-16 21:15:37.526'),(62,'22:00:00','2025-03-29','2025-03-29',4,5,3,19,41,'2024-12-16 23:00:03.837','2024-12-16 23:00:03.837'),(63,'23:24:00','2025-03-22','2025-03-29',3,2,11,22,41,'2024-12-16 23:21:34.656','2024-12-16 23:21:34.656'),(64,'23:24:00','2025-03-21','2025-03-22',3,2,9,14,41,'2024-12-16 23:22:13.204','2024-12-16 23:22:13.204'),(65,'23:26:00','2025-03-29','2025-03-26',3,5,4,11,41,'2024-12-16 23:23:56.924','2024-12-16 23:23:56.924'),(66,'23:34:00','2025-03-21','2025-03-28',2,1,19,9,41,'2024-12-16 23:32:04.481','2024-12-16 23:32:04.481'),(67,'23:37:00','2025-03-28','2025-03-29',11,0,19,11,41,'2024-12-16 23:32:47.553','2024-12-16 23:32:47.553'),(68,'23:37:00','2025-01-24','2025-01-17',0,0,1,2,40,'2024-12-16 23:34:06.818','2024-12-16 23:34:06.818'),(69,'23:37:00','2025-01-25','2025-01-17',1,2,4,3,40,'2024-12-16 23:34:29.419','2024-12-16 23:34:29.419'),(70,'23:37:00','2025-02-12','2025-02-21',2,0,5,6,40,'2024-12-16 23:34:47.432','2024-12-16 23:34:47.432'),(71,'23:38:00','2025-03-28','2025-01-18',0,2,7,8,40,'2024-12-16 23:35:06.506','2024-12-16 23:35:06.506'),(72,'23:37:00','2025-02-21','2025-02-21',0,2,9,10,40,'2024-12-16 23:35:22.224','2024-12-16 23:35:22.224'),(73,'23:38:00','2025-04-17','2025-02-20',0,0,11,12,40,'2024-12-16 23:35:36.420','2024-12-16 23:35:36.420'),(74,'23:38:00','2025-01-17','2025-02-07',0,2,13,14,40,'2024-12-16 23:35:53.082','2024-12-16 23:35:53.082'),(75,'23:38:00','2025-02-26','2025-02-20',2,0,15,16,40,'2024-12-16 23:36:07.043','2024-12-16 23:36:07.043'),(76,'23:39:00','2025-03-16','2025-02-27',2,0,17,18,40,'2024-12-16 23:36:25.982','2024-12-16 23:36:25.982'),(77,'23:38:00','2025-02-27','2025-02-27',2,0,19,20,40,'2024-12-16 23:36:43.886','2024-12-16 23:36:43.886'),(78,'23:39:00','2025-02-26','2025-02-19',2,0,21,22,40,'2024-12-16 23:36:59.328','2024-12-16 23:36:59.328'),(79,'23:41:00','2025-01-25','2025-01-24',4,0,23,24,40,'2024-12-16 23:37:15.603','2024-12-16 23:37:15.603'),(80,'23:40:00','2025-01-31','2025-01-31',0,4,25,26,40,'2024-12-16 23:37:29.826','2024-12-16 23:37:29.826'),(81,'23:40:00','2025-02-26','2025-02-07',0,4,27,28,40,'2024-12-16 23:37:41.898','2024-12-16 23:37:41.898'),(82,'23:41:00','2025-02-26','2025-02-13',2,0,29,30,40,'2024-12-16 23:38:13.323','2024-12-16 23:38:13.323'),(83,'23:41:00','2025-01-23','2025-01-24',0,4,31,32,40,'2024-12-16 23:38:27.574','2024-12-16 23:38:27.574'),(84,'23:41:00','2025-01-17','2025-01-31',0,5,1,32,40,'2024-12-16 23:39:54.922','2024-12-16 23:39:54.922'),(85,'23:44:00','2025-01-17','2025-01-24',0,6,5,15,40,'2024-12-16 23:40:46.006','2024-12-16 23:40:46.006'),(86,'23:45:00','2025-02-07','2025-01-31',0,2,3,14,40,'2024-12-16 23:41:15.670','2024-12-16 23:41:15.670'),(87,'23:44:00','2025-01-25','2025-02-07',2,0,10,21,40,'2024-12-16 23:41:47.081','2024-12-16 23:41:47.081'),(88,'23:46:00','2025-02-13','2025-02-27',0,2,26,28,40,'2024-12-16 23:42:20.313','2024-12-16 23:42:20.313'),(89,'23:45:00','2025-02-21','2025-01-24',2,0,29,8,40,'2024-12-16 23:42:39.102','2024-12-16 23:42:39.102'),(90,'23:46:00','2025-02-20','2025-02-21',2,0,23,19,40,'2024-12-16 23:42:55.633','2024-12-16 23:42:55.633'),(91,'23:46:00','2025-02-26','2025-03-06',0,2,17,11,40,'2024-12-16 23:43:08.835','2024-12-16 23:43:08.835'),(92,'23:46:00','2025-01-24','2025-02-01',0,2,15,10,40,'2024-12-16 23:43:36.995','2024-12-16 23:43:36.995'),(93,'23:46:00','2025-01-22','2025-01-24',2,0,23,14,40,'2024-12-16 23:44:00.085','2024-12-16 23:44:00.085'),(94,'23:48:00','2025-02-20','2025-01-24',2,0,29,28,40,'2024-12-16 23:44:19.844','2024-12-16 23:44:19.844'),(95,'23:47:00','2025-01-24','2025-01-24',0,2,32,11,40,'2024-12-16 23:44:39.628','2024-12-16 23:44:39.628'),(96,'23:48:00','2025-01-31','2025-01-31',0,3,10,23,40,'2024-12-16 23:45:02.287','2024-12-16 23:45:02.287'),(97,'23:48:00','2025-01-24','2025-01-25',0,3,29,11,40,'2024-12-16 23:45:15.873','2024-12-16 23:45:15.873'),(98,'23:54:00','2025-02-28','2025-03-07',1,2,9,10,39,'2024-12-16 23:46:13.005','2024-12-19 18:25:42.685'),(99,'11:49:00','2025-02-14','2025-02-21',1,2,12,11,39,'2024-12-16 23:46:26.391','2024-12-17 23:34:23.737'),(100,'17:47:00','2025-02-26','2025-02-14',0,2,14,19,39,'2024-12-16 23:46:39.901','2024-12-18 01:26:37.580'),(101,'17:49:00','2025-02-21','2025-03-06',2,0,28,20,39,'2024-12-16 23:46:54.585','2024-12-18 01:26:00.610'),(105,'01:05:00','2025-02-17','2025-02-28',0,2,10,11,39,'2024-12-18 01:04:06.638','2024-12-18 01:29:33.209'),(106,'01:45:00','2025-01-18','2025-01-25',0,0,19,28,39,'2024-12-18 01:44:09.341','2024-12-18 01:44:09.341'),(107,'01:59:00','2025-03-01','2025-02-21',0,0,40,15,39,'2024-12-18 01:56:30.527','2024-12-18 01:56:30.527'),(108,'00:29:00','2025-02-20','2025-03-06',1,4,11,23,40,'2024-12-18 20:29:45.051','2024-12-18 20:29:45.051'),(109,'00:39:00','2025-02-28','2025-03-20',0,0,2,1,42,'2024-12-19 00:36:40.126','2024-12-19 00:36:40.126'),(111,'18:14:00','2025-02-19','2025-02-21',2,0,23,13,39,'2024-12-19 18:10:33.852','2024-12-19 18:10:33.852'),(114,'18:35:00','2025-03-07','2025-02-21',4,0,3,4,42,'2024-12-19 18:32:55.300','2024-12-19 18:32:55.300'),(115,'18:36:00','2025-03-01','2025-03-21',0,3,5,6,42,'2024-12-19 18:33:18.487','2024-12-19 18:33:18.487'),(116,'12:36:00','2025-03-20','2025-03-21',5,2,9,7,42,'2024-12-19 18:33:45.914','2024-12-19 18:43:22.736'),(118,'00:46:00','2025-03-22','2025-03-29',7,3,9,2,42,'2024-12-19 18:43:57.112','2024-12-19 18:44:11.588'),(119,'21:26:00','2025-02-28','2025-02-21',6,3,3,6,42,'2024-12-19 21:24:37.276','2024-12-19 21:24:37.276'),(120,'21:54:00','2025-03-20','2025-03-28',5,3,3,9,42,'2024-12-19 21:52:49.506','2024-12-19 21:52:49.506');
/*!40000 ALTER TABLE `partidos` ENABLE KEYS */;
UNLOCK TABLES;

--
-- Table structure for table `password_reset_tokens`
--

DROP TABLE IF EXISTS `password_reset_tokens`;
/*!40101 SET @saved_cs_client     = @@character_set_client */;
/*!50503 SET character_set_client = utf8mb4 */;
CREATE TABLE `password_reset_tokens` (
  `email` varchar(255) COLLATE utf8mb4_unicode_ci NOT NULL,
  `token` varchar(255) COLLATE utf8mb4_unicode_ci NOT NULL,
  `created_at` datetime(3) DEFAULT CURRENT_TIMESTAMP(3),
  KEY `password_reset_tokens_email_index` (`email`)
) ENGINE=InnoDB DEFAULT CHARSET=utf8mb4 COLLATE=utf8mb4_unicode_ci;
/*!40101 SET character_set_client = @saved_cs_client */;

--
-- Dumping data for table `password_reset_tokens`
--

LOCK TABLES `password_reset_tokens` WRITE;
/*!40000 ALTER TABLE `password_reset_tokens` DISABLE KEYS */;
/*!40000 ALTER TABLE `password_reset_tokens` ENABLE KEYS */;
UNLOCK TABLES;

--
-- Table structure for table `personal_access_tokens`
--

DROP TABLE IF EXISTS `personal_access_tokens`;
/*!40101 SET @saved_cs_client     = @@character_set_client */;
/*!50503 SET character_set_client = utf8mb4 */;
CREATE TABLE `personal_access_tokens` (
  `id` int unsigned NOT NULL AUTO_INCREMENT,
  `tokenable_type` varchar(255) COLLATE utf8mb4_unicode_ci NOT NULL,
  `tokenable_id` int unsigned NOT NULL,
  `name` varchar(255) COLLATE utf8mb4_unicode_ci NOT NULL,
  `token` varchar(64) COLLATE utf8mb4_unicode_ci NOT NULL,
  `abilities` text COLLATE utf8mb4_unicode_ci,
  `last_used_at` timestamp NULL DEFAULT NULL,
  `expires_at` timestamp NULL DEFAULT NULL,
  `created_at` datetime(3) DEFAULT CURRENT_TIMESTAMP(3),
  `updated_at` datetime(3) DEFAULT NULL,
  PRIMARY KEY (`id`),
  UNIQUE KEY `personal_access_tokens_token_unique` (`token`),
  KEY `personal_access_tokens_tokenable_type_tokenable_id_index` (`tokenable_type`,`tokenable_id`)
) ENGINE=InnoDB DEFAULT CHARSET=utf8mb4 COLLATE=utf8mb4_unicode_ci;
/*!40101 SET character_set_client = @saved_cs_client */;

--
-- Dumping data for table `personal_access_tokens`
--

LOCK TABLES `personal_access_tokens` WRITE;
/*!40000 ALTER TABLE `personal_access_tokens` DISABLE KEYS */;
/*!40000 ALTER TABLE `personal_access_tokens` ENABLE KEYS */;
UNLOCK TABLES;

--
-- Table structure for table `torneos`
--

DROP TABLE IF EXISTS `torneos`;
/*!40101 SET @saved_cs_client     = @@character_set_client */;
/*!50503 SET character_set_client = utf8mb4 */;
CREATE TABLE `torneos` (
  `id` int unsigned NOT NULL AUTO_INCREMENT,
  `name` varchar(255) COLLATE utf8mb4_unicode_ci NOT NULL,
  `ubicacion` varchar(255) COLLATE utf8mb4_unicode_ci NOT NULL,
  `descripcion` varchar(255) COLLATE utf8mb4_unicode_ci NOT NULL,
  `fechaInicio` date NOT NULL,
  `fechaFin` date NOT NULL,
  `cantEquipo` int unsigned NOT NULL DEFAULT '0',
  `user_id` int unsigned NOT NULL,
  `created_at` datetime(3) DEFAULT CURRENT_TIMESTAMP(3),
  `updated_at` datetime(3) DEFAULT NULL,
  PRIMARY KEY (`id`),
  KEY `torneos_user_id_foreign` (`user_id`),
  CONSTRAINT `torneos_user_id_foreign` FOREIGN KEY (`user_id`) REFERENCES `users` (`id`) ON DELETE CASCADE ON UPDATE RESTRICT
) ENGINE=InnoDB AUTO_INCREMENT=43 DEFAULT CHARSET=utf8mb4 COLLATE=utf8mb4_unicode_ci;
/*!40101 SET character_set_client = @saved_cs_client */;

--
-- Dumping data for table `torneos`
--

LOCK TABLES `torneos` WRITE;
/*!40000 ALTER TABLE `torneos` DISABLE KEYS */;
INSERT INTO `torneos` VALUES (1,'Konklux','Burch','descripcion','2023-10-05','2023-10-06',8,23,'2024-12-15 20:24:22.231','2024-12-15 20:24:22.231'),(2,'Stim','Towsey','descripcion','2024-08-27','2024-07-06',8,31,'2024-12-15 20:24:22.244','2024-12-15 20:24:22.244'),(3,'Wrapsafe','Duck','descripcion','2023-12-02','2024-02-10',8,4,'2024-12-15 20:24:22.249','2024-12-15 20:24:22.249'),(4,'Lotstring','Oliveras','descripcion','2024-02-06','2024-02-04',8,28,'2024-12-15 20:24:22.254','2024-12-15 20:24:22.254'),(5,'Toughjoyfax','Huyche','descripcion','2023-09-18','2024-08-15',8,36,'2024-12-15 20:24:22.259','2024-12-15 20:24:22.259'),(6,'Job','Flieger','descripcion','2024-07-04','2024-04-05',8,33,'2024-12-15 20:24:22.264','2024-12-15 20:24:22.264'),(7,'Y-Solowarm','Wardle','descripcion','2023-11-30','2024-03-27',8,39,'2024-12-15 20:24:22.269','2024-12-15 20:24:22.269'),(8,'Solarbreeze','Despenser','descripcion','2023-09-22','2024-03-01',8,47,'2024-12-15 20:24:22.274','2024-12-15 20:24:22.274'),(9,'Bigtax','Eddowis','descripcion','2024-03-07','2024-06-18',8,1,'2024-12-15 20:24:22.278','2024-12-15 20:24:22.278'),(10,'Y-Solowarm','Kerin','descripcion','2023-11-03','2023-11-06',8,5,'2024-12-15 20:24:22.283','2024-12-15 20:24:22.283'),(11,'Y-Solowarm','Bolding','descripcion','2023-09-21','2024-02-07',8,5,'2024-12-15 20:24:22.287','2024-12-15 20:24:22.287'),(12,'Home Ing','Taborre','descripcion','2024-04-06','2024-06-27',8,50,'2024-12-15 20:24:22.291','2024-12-15 20:24:22.291'),(13,'Quo Lux','Elford','descripcion','2024-02-03','2023-12-17',8,34,'2024-12-15 20:24:22.295','2024-12-15 20:24:22.295'),(14,'Biodex','Duxbarry','descripcion','2024-07-23','2023-10-30',8,23,'2024-12-15 20:24:22.299','2024-12-15 20:24:22.299'),(15,'Y-find','Kenzie','descripcion','2024-07-10','2023-11-14',8,28,'2024-12-15 20:24:22.302','2024-12-15 20:24:22.302'),(16,'Konklux','Shaul','descripcion','2023-09-14','2024-01-10',8,30,'2024-12-15 20:24:22.306','2024-12-15 20:24:22.306'),(17,'Ronstring','Itzkovich','descripcion','2024-05-12','2024-04-02',8,48,'2024-12-15 20:24:22.310','2024-12-15 20:24:22.310'),(18,'Y-Solowarm','Hame','descripcion','2024-03-11','2023-12-14',8,28,'2024-12-15 20:24:22.314','2024-12-15 20:24:22.314'),(19,'Otcom','Krollman','descripcion','2024-04-18','2023-12-13',8,35,'2024-12-15 20:24:22.318','2024-12-15 20:24:22.318'),(20,'Holdlamis','Acott','descripcion','2024-01-15','2024-06-29',8,40,'2024-12-15 20:24:22.321','2024-12-15 20:24:22.321'),(21,'It','Tipper','descripcion','2024-01-08','2023-12-21',8,20,'2024-12-15 20:24:22.325','2024-12-15 20:24:22.325'),(22,'Bigtax','Jeyness','descripcion','2024-07-28','2024-04-19',8,15,'2024-12-15 20:24:22.330','2024-12-15 20:24:22.330'),(23,'Gembucket','Banks','descripcion','2023-10-21','2024-04-08',8,13,'2024-12-15 20:24:22.334','2024-12-15 20:24:22.334'),(24,'Fintone','Maddigan','descripcion','2024-07-25','2023-10-24',8,43,'2024-12-15 20:24:22.338','2024-12-15 20:24:22.338'),(25,'Voyatouch','MacDuffie','descripcion','2024-02-13','2024-07-23',8,15,'2024-12-15 20:24:22.342','2024-12-15 20:24:22.342'),(26,'Wrapsafe','Tremathack','descripcion','2023-10-31','2024-03-06',8,11,'2024-12-15 20:24:22.346','2024-12-15 20:24:22.346'),(27,'Alpha','Dufoure','descripcion','2024-05-23','2024-01-03',8,48,'2024-12-15 20:24:22.350','2024-12-15 20:24:22.350'),(28,'Regrant','Baumaier','descripcion','2024-06-01','2024-10-20',8,9,'2024-12-15 20:24:22.353','2024-12-15 20:24:22.353'),(29,'Stim','Wreak','descripcion','2024-01-27','2024-06-15',8,14,'2024-12-15 20:24:22.358','2024-12-15 20:24:22.358'),(30,'Domainer','Spillman','descripcion','2023-11-02','2023-12-24',8,43,'2024-12-15 20:24:22.362','2024-12-15 20:24:22.362'),(31,'Bitchip','McGlew','descripcion','2024-07-10','2024-03-29',8,32,'2024-12-15 20:24:22.366','2024-12-15 20:24:22.366'),(32,'Fix San','Avramovitz','descripcion','2023-10-04','2024-06-11',8,41,'2024-12-15 20:24:22.370','2024-12-15 20:24:22.370'),(33,'Bigtax','Palmer','descripcion','2024-02-15','2024-07-10',8,28,'2024-12-15 20:24:22.374','2024-12-15 20:24:22.374'),(34,'Viva','Fletcher','descripcion','2023-12-12','2023-12-16',8,35,'2024-12-15 20:24:22.378','2024-12-15 20:24:22.378'),(35,'Span','Ingle','descripcion','2024-08-10','2024-09-21',8,21,'2024-12-15 20:24:22.382','2024-12-15 20:24:22.382'),(36,'Namfix','Stendell','descripcion','2023-10-10','2024-09-22',8,35,'2024-12-15 20:24:22.385','2024-12-15 20:24:22.385'),(37,'Viva','Marriot','descripcion','2023-11-14','2024-09-14',8,43,'2024-12-15 20:24:22.390','2024-12-15 20:24:22.390'),(38,'Kanlam','Balharrie','descripcion','2024-01-05','2024-03-30',8,6,'2024-12-15 20:24:22.393','2024-12-15 20:24:22.393'),(39,'Temp','Pendrill','descripcion','2025-02-12','2025-09-04',16,51,'2024-12-15 20:24:22.397','2024-12-18 01:55:54.850'),(40,'Home Ing','Verrall','descripcion','2025-01-17','2025-12-29',32,51,'2024-12-15 20:24:22.401','2024-12-18 20:28:57.160'),(41,'Torneito','Verralls','descripcion','2025-03-21','2025-03-29',16,51,'2024-12-15 20:24:22.405','2024-12-16 19:17:12.585'),(42,'Kiep','dsadas','dsa','2025-02-21','2025-05-01',8,51,'2024-12-19 00:36:06.491','2024-12-19 00:36:15.709');
/*!40000 ALTER TABLE `torneos` ENABLE KEYS */;
UNLOCK TABLES;

--
-- Table structure for table `users`
--

DROP TABLE IF EXISTS `users`;
/*!40101 SET @saved_cs_client     = @@character_set_client */;
/*!50503 SET character_set_client = utf8mb4 */;
CREATE TABLE `users` (
  `id` int unsigned NOT NULL AUTO_INCREMENT,
  `name` varchar(60) COLLATE utf8mb4_unicode_ci NOT NULL,
  `fsurname` varchar(50) COLLATE utf8mb4_unicode_ci NOT NULL,
  `msurname` varchar(50) COLLATE utf8mb4_unicode_ci NOT NULL,
  `nickname` varchar(50) COLLATE utf8mb4_unicode_ci DEFAULT NULL,
  `email` varchar(255) COLLATE utf8mb4_unicode_ci NOT NULL,
  `gender` varchar(255) COLLATE utf8mb4_unicode_ci NOT NULL DEFAULT 'N/E',
  `password` varchar(255) COLLATE utf8mb4_unicode_ci NOT NULL,
  `birthdate` date NOT NULL DEFAULT (_utf8mb4'2023-12-01'),
  `image` varchar(255) COLLATE utf8mb4_unicode_ci NOT NULL DEFAULT 'logoPerfil.jpg',
  `remember_token` varchar(100) COLLATE utf8mb4_unicode_ci DEFAULT NULL,
  `created_at` datetime(3) DEFAULT CURRENT_TIMESTAMP(3),
  `updated_at` datetime(3) DEFAULT NULL,
  `resetPasswordExpires` datetime(3) DEFAULT NULL,
  `resetPasswordToken` varchar(191) COLLATE utf8mb4_unicode_ci DEFAULT NULL,
  PRIMARY KEY (`id`),
  UNIQUE KEY `users_email_unique` (`email`),
  UNIQUE KEY `users_nickname_unique` (`nickname`)
) ENGINE=InnoDB AUTO_INCREMENT=52 DEFAULT CHARSET=utf8mb4 COLLATE=utf8mb4_unicode_ci;
/*!40101 SET character_set_client = @saved_cs_client */;

--
-- Dumping data for table `users`
--

LOCK TABLES `users` WRITE;
/*!40000 ALTER TABLE `users` DISABLE KEYS */;
INSERT INTO `users` VALUES (1,'Karole','Elisabeth','Quickenden','equickenden0','equickenden0@posterous.com','Female','$2b$10$xoiL2u2w8yEl8qovA7gUV.nrCaBvLu/FLOcQ2yMvYBy/32yDq/Sk.','2024-02-17','logoPerfil.jpg',NULL,'2024-12-15 20:24:13.872','2024-12-15 20:24:13.872',NULL,NULL),(2,'Davon','Brig','Foister','bfoister1','bfoister1@yahoo.co.jp','Male','$2b$10$TNpg/9gjj6S2wnliXllkwOZEdEx4Zyz8aRVCcHDke.VTf6RrCV1KW','2024-07-19','logoPerfil.jpg',NULL,'2024-12-15 20:24:14.041','2024-12-15 20:24:14.041',NULL,NULL),(3,'Curran','Morty','Pallas','mpallas2','mpallas2@myspace.com','Male','$2b$10$K8RAlhaLgGyiVpPOfC0vNuilHcCtdgBN/1jgVyc6jWNYeePoPDg7C','2023-09-02','logoPerfil.jpg',NULL,'2024-12-15 20:24:14.195','2024-12-15 20:24:14.195',NULL,NULL),(4,'Chloe','Fancy','Whild','fwhild3','fwhild3@fastcompany.com','Female','$2b$10$1hKFvD.KBTLBHv/nQGerUOZjDn0gzGpI08vLPImLcbRzUlc7eX1mK','2024-04-21','logoPerfil.jpg',NULL,'2024-12-15 20:24:14.349','2024-12-15 20:24:14.349',NULL,NULL),(5,'Annabel','Hali','Coggles','hcoggles4','hcoggles4@reddit.com','Female','$2b$10$6ZoRzlMa3.G0x6Ehv36Z1uwZPUxHD41kDzdjq/X.WZ7OHNuLb94h.','2024-07-28','logoPerfil.jpg',NULL,'2024-12-15 20:24:14.503','2024-12-15 20:24:14.503',NULL,NULL),(6,'Boothe','Kinnie','Dight','kdight5','kdight5@taobao.com','Male','$2b$10$gNhnbd.MxnIDx6ga7SQgFupa8Kkqq6DUnd14MEBu7slTKyWy0EKmq','2023-12-08','logoPerfil.jpg',NULL,'2024-12-15 20:24:14.661','2024-12-15 20:24:14.661',NULL,NULL),(7,'Laurie','Karlotta','Dumingo','kdumingo6','kdumingo6@quantcast.com','Female','$2b$10$ij5yr1mldIGsYMpNh9/UGOSZ8gFgpCuGG1gL1cosXBWgcaxOrKcXC','2023-12-19','logoPerfil.jpg',NULL,'2024-12-15 20:24:14.822','2024-12-15 20:24:14.822',NULL,NULL),(8,'Dante','Dallis','Gilardone','dgilardone7','dgilardone7@telegraph.co.uk','Male','$2b$10$xwE.yo/qq9BHJsTSMJEigu9b9RZ5DmQabA5jaKPcy/R3KUbM3naZq','2024-08-25','logoPerfil.jpg',NULL,'2024-12-15 20:24:14.984','2024-12-15 20:24:14.984',NULL,NULL),(9,'Gavrielle','Eve','Leed','eleed8','eleed8@blog.com','Female','$2b$10$X4GmQgcHoIwRl12sRh.aSOzLQ4adhlisNX/geUJXX5xpDFpVDFbMS','2024-01-24','logoPerfil.jpg',NULL,'2024-12-15 20:24:15.148','2024-12-15 20:24:15.148',NULL,NULL),(10,'Eldredge','Bruis','Wilmut','bwilmut9','bwilmut9@yelp.com','Male','$2b$10$Z9rrGANu8TnQ1ih9XhVZbe85mRdUsFmnnFgW73sGYCOVmqCY3nREC','2023-09-13','logoPerfil.jpg',NULL,'2024-12-15 20:24:15.307','2024-12-15 20:24:15.307',NULL,NULL),(11,'Maribel','Ula','Oxteby','uoxtebya','uoxtebya@csmonitor.com','Female','$2b$10$bhemqUJkEVU3Q/MOMSsioOreLdE60TXCMohyg1Nv9IAgnnyzLdxUC','2023-09-17','logoPerfil.jpg',NULL,'2024-12-15 20:24:15.468','2024-12-15 20:24:15.468',NULL,NULL),(12,'Franzen','Cazzie','de Vaen','cdevaenb','cdevaenb@theatlantic.com','Male','$2b$10$32S1ibDutbc6a8FbVWKLZO2n49Lj1xnnRWQycVqv3jg3q.oj75WGu','2024-08-02','logoPerfil.jpg',NULL,'2024-12-15 20:24:15.630','2024-12-15 20:24:15.630',NULL,NULL),(13,'Gilemette','Goldi','Chimenti','gchimentic','gchimentic@umn.edu','Female','$2b$10$apiNV4drYSnN2zWnR0qc1.vLMER4p/9DgWev6TnU8svhmR4imniFO','2024-02-06','logoPerfil.jpg',NULL,'2024-12-15 20:24:15.862','2024-12-15 20:24:15.862',NULL,NULL),(14,'Gabriellia','Kath','De Carolis','kdecarolisd','kdecarolisd@ca.gov','Female','$2b$10$NWD5btFbAA.XTyWXB6t4hObB.ezkocnr5KG02g.HsZD0oxkwqYk8y','2023-09-04','logoPerfil.jpg',NULL,'2024-12-15 20:24:16.219','2024-12-15 20:24:16.219',NULL,NULL),(15,'Melina','Latashia','Trippett','ltrippette','ltrippette@cpanel.net','Female','$2b$10$hKx7E/QcmLniww8pC5npveL//u6UHwCwXZD34Z2R3woQIZXDV1w4y','2023-10-18','logoPerfil.jpg',NULL,'2024-12-15 20:24:16.436','2024-12-15 20:24:16.436',NULL,NULL),(16,'Saloma','Annadiane','Mower','amowerf','amowerf@rakuten.co.jp','Female','$2b$10$wPUSr/wBgcYh.7U7V491cunFg1gxR8D.3C5oFVo06eM73wSz.oy7m','2024-07-19','logoPerfil.jpg',NULL,'2024-12-15 20:24:16.591','2024-12-15 20:24:16.591',NULL,NULL),(17,'Antonius','Dannel','Jeremiah','djeremiahg','djeremiahg@independent.co.uk','Male','$2b$10$kjjBVwVXFDCb82ch.LhUDuSre1u27qKcbwznyyPdsTenL63a7dc1W','2024-02-27','logoPerfil.jpg',NULL,'2024-12-15 20:24:16.745','2024-12-15 20:24:16.745',NULL,NULL),(18,'Linea','Ninon','Banfield','nbanfieldh','nbanfieldh@statcounter.com','Female','$2b$10$5eiv24ephzfg05Cgq0j8KO8AZ0.7DVUaC9Y1/uaytkUgk0/Hf2P4q','2024-05-31','logoPerfil.jpg',NULL,'2024-12-15 20:24:16.898','2024-12-15 20:24:16.898',NULL,NULL),(19,'Atalanta','Charyl','Meuse','cmeusei','cmeusei@cpanel.net','Female','$2b$10$6uE1syv5jCp5Ex9EVny1FOvIcpL/bVaHmcLFhLZkTMLv7qZYeojpm','2023-12-19','logoPerfil.jpg',NULL,'2024-12-15 20:24:17.054','2024-12-15 20:24:17.054',NULL,NULL),(20,'Shena','Karrah','Callaway','kcallawayj','kcallawayj@amazon.co.uk','Female','$2b$10$tx8utIKidxBVTrsRbGvU3eVNg1uHYcvNR7DcYvXFtbn8FF0PskGZe','2024-03-06','logoPerfil.jpg',NULL,'2024-12-15 20:24:17.208','2024-12-15 20:24:17.208',NULL,NULL),(21,'Zackariah','Torrey','Gosling','tgoslingk','tgoslingk@paypal.com','Male','$2b$10$pCr18xn3gvjbNQEfrIReOelz3BZZ/nwmczzybteoO2gx.tOJ6R8Ai','2024-08-18','logoPerfil.jpg',NULL,'2024-12-15 20:24:17.361','2024-12-15 20:24:17.361',NULL,NULL),(22,'Zola','Carlota','Gerhold','cgerholdl','cgerholdl@cam.ac.uk','Female','$2b$10$fUeS767LnQtDM663zY8uu.TQvu/QT5aYIUvEV/BaSG51cGZmsL1RC','2024-07-20','logoPerfil.jpg',NULL,'2024-12-15 20:24:17.516','2024-12-15 20:24:17.516',NULL,NULL),(23,'Barry','Jillie','Duncanson','jduncansonm','jduncansonm@hexun.com','Female','$2b$10$RxQC8QD/SjgbHCmx3oe8vu16qlIZH7lT0X9yj8sQvHY.1FUpPoIQa','2024-06-27','logoPerfil.jpg',NULL,'2024-12-15 20:24:17.670','2024-12-15 20:24:17.670',NULL,NULL),(24,'Baxter','Sax','Busfield','sbusfieldn','sbusfieldn@fema.gov','Male','$2b$10$LrRwZcFgM/l7OLp7MErjE.ERCu6wsMlGUri91Mh3xHmJEG6ZAuaCi','2024-07-01','logoPerfil.jpg',NULL,'2024-12-15 20:24:17.823','2024-12-15 20:24:17.823',NULL,NULL),(25,'Austine','Haleigh','Lorek','hloreko','hloreko@soup.io','Female','$2b$10$khrRQXiyGt0d477WTI6ag.zdrHIL/NBhQbiMr8NRCpr9p2m1o3wEa','2024-06-26','logoPerfil.jpg',NULL,'2024-12-15 20:24:17.978','2024-12-15 20:24:17.978',NULL,NULL),(26,'Jessa','Nola','Fundell','nfundellp','nfundellp@usda.gov','Female','$2b$10$tMCA5IqsShNvqJ2AFoxl/.HfPk/lwpLcosZzB/NKA7FIgAB3/QUEy','2024-04-09','logoPerfil.jpg',NULL,'2024-12-15 20:24:18.133','2024-12-15 20:24:18.133',NULL,NULL),(27,'Fanchette','Sharleen','Tolcharde','stolchardeq','stolchardeq@vistaprint.com','Female','$2b$10$LiT/q1Qi664sdt/I.agXLunZU0pePWqH.XGZePmtCyE8uUjdLX946','2024-04-23','logoPerfil.jpg',NULL,'2024-12-15 20:24:18.287','2024-12-15 20:24:18.287',NULL,NULL),(28,'Kirstyn','Eliza','Wisdom','ewisdomr','ewisdomr@storify.com','Female','$2b$10$cUXeY20MPPohWoGnqifrpe6ZvwFdjYuGGj8aphi7NEE4I40gQ/cty','2023-09-30','logoPerfil.jpg',NULL,'2024-12-15 20:24:18.446','2024-12-15 20:24:18.446',NULL,NULL),(29,'Loretta','Ronalda','Junkinson','rjunkinsons','rjunkinsons@accuweather.com','Female','$2b$10$II6bYXFqPx9zJaqVB1Tz6Os6G3cFiaV.Z6xVdAttNhyuaQ7FPkkmG','2023-10-21','logoPerfil.jpg',NULL,'2024-12-15 20:24:18.602','2024-12-15 20:24:18.602',NULL,NULL),(30,'Sharai','Clementia','Spiers','cspierst','cspierst@tamu.edu','Female','$2b$10$lq5wVMtSkPgG9rKGVOWekOBx0/bgiULEitcxaGrKp6GjGynLB78lW','2024-05-20','logoPerfil.jpg',NULL,'2024-12-15 20:24:18.759','2024-12-15 20:24:18.759',NULL,NULL),(31,'Emalia','Demetria','Smewing','dsmewingu','dsmewingu@spiegel.de','Female','$2b$10$kZ4Kp3g5Elh8wHYT6A39v.vV5VaB38M0nauncnbhokh6IrQ4ooypi','2024-01-15','logoPerfil.jpg',NULL,'2024-12-15 20:24:18.915','2024-12-15 20:24:18.915',NULL,NULL),(32,'Otis','Aubert','Timbs','atimbsv','atimbsv@naver.com','Male','$2b$10$D7RCtEYKZ5E6tL0Rp/ykiOuWuOkX5OC4zHyaqrpKZNVOznk0tptIy','2024-03-07','logoPerfil.jpg',NULL,'2024-12-15 20:24:19.073','2024-12-15 20:24:19.073',NULL,NULL),(33,'Siffre','Bat','Caller','bcallerw','bcallerw@imdb.com','Male','$2b$10$3zgwzAj1dEuuvz4OjHuhYukVJsNOUabvi8mNiFGha7Hg4EFkOmVUi','2024-04-07','logoPerfil.jpg',NULL,'2024-12-15 20:24:19.231','2024-12-15 20:24:19.231',NULL,NULL),(34,'Corliss','Linda','Filyukov','lfilyukovx','lfilyukovx@ihg.com','Female','$2b$10$mHAbBt2iwkcikKxx.VJAsOfb.IhQx1dO9EyZTwm.G5TFWV.s11cr6','2024-04-03','logoPerfil.jpg',NULL,'2024-12-15 20:24:19.398','2024-12-15 20:24:19.398',NULL,NULL),(35,'Brock','Wade','Trowel','wtrowely','wtrowely@google.co.jp','Male','$2b$10$3M8HzaCW7hMYHUe3kQHbZe8Rg79hgwqpkYS5Pt0SDF3WyzOkL2dv6','2024-04-06','logoPerfil.jpg',NULL,'2024-12-15 20:24:19.556','2024-12-15 20:24:19.556',NULL,NULL),(36,'Ceciley','Cordula','Prendergast','cprendergastz','cprendergastz@google.es','Female','$2b$10$cLwzbnFmRsTJw9hFinmudew/E4UwV6WnaIijrGPj.TcLiMgxVm356','2023-11-28','logoPerfil.jpg',NULL,'2024-12-15 20:24:19.712','2024-12-15 20:24:19.712',NULL,NULL),(37,'Hastings','Felicio','Linning','flinning10','flinning10@alexa.com','Male','$2b$10$Mv2ASQqjhjp/vVBYMgNay.3AWZjBNqbeZx48YwKSWREZz2vPUMGD2','2023-12-14','logoPerfil.jpg',NULL,'2024-12-15 20:24:19.866','2024-12-15 20:24:19.866',NULL,NULL),(38,'Martainn','Northrop','Galpin','ngalpin11','ngalpin11@shutterfly.com','Male','$2b$10$iEh5CEgD0f05EGsUehJXIOILs.XKJxz/SYhXaAkeKDHGltRtptx7O','2023-11-27','logoPerfil.jpg',NULL,'2024-12-15 20:24:20.020','2024-12-15 20:24:20.020',NULL,NULL),(39,'Ravi','Wells','Romeril','wromeril12','wromeril12@weather.com','Male','$2b$10$qqx7KaI0DzdL1frnWKpEAOTkxnzecvIhIwEKYlNsxzQMOUkO/xY1y','2023-12-28','logoPerfil.jpg',NULL,'2024-12-15 20:24:20.185','2024-12-15 20:24:20.185',NULL,NULL),(40,'Al','Keane','Bortolutti','kbortolutti13','kbortolutti13@last.fm','Male','$2b$10$Vkj/d.loWeTIUCr.jroIdeNMhaJwrS8w8xRyfJBepbBAuU.mjDSCy','2023-09-19','logoPerfil.jpg',NULL,'2024-12-15 20:24:20.339','2024-12-15 20:24:20.339',NULL,NULL),(41,'Bengt','Mathe','Matei','mmatei14','mmatei14@blogspot.com','Male','$2b$10$Zd9Bd.7bKJp5qApU6vMpt.pR7U/2AlKU9zruGTC65Guz4V6JHeGxO','2024-07-16','logoPerfil.jpg',NULL,'2024-12-15 20:24:20.493','2024-12-15 20:24:20.493',NULL,NULL),(42,'Rafaello','Derrek','Beumant','dbeumant15','dbeumant15@freewebs.com','Male','$2b$10$qMVRgYfbEp8kGx6LJCX7WekNt5LCxIA8SVWMTsOekVzl9rW/cpkZu','2024-01-25','logoPerfil.jpg',NULL,'2024-12-15 20:24:20.648','2024-12-15 20:24:20.648',NULL,NULL),(43,'Dorie','Effie','Yakov','eyakov16','eyakov16@bbc.co.uk','Female','$2b$10$34M6gigfacbsIdpNknwRVeKCyEcK1KwpGB1RaZr/AboFjFicMuEbK','2024-07-01','logoPerfil.jpg',NULL,'2024-12-15 20:24:20.802','2024-12-15 20:24:20.802',NULL,NULL),(44,'Arvin','Brewster','Botham','bbotham17','bbotham17@so-net.ne.jp','Male','$2b$10$vwr3C/bn7dIEnlEa.aD4GuA3zrQ4CFQk54CR1a2T.TnGkcu9ItXbq','2024-07-23','logoPerfil.jpg',NULL,'2024-12-15 20:24:20.957','2024-12-15 20:24:20.957',NULL,NULL),(45,'Vitia','Maryjane','Barneveld','mbarneveld18','mbarneveld18@tinypic.com','Female','$2b$10$yBWY.7qxwopO.ASROo3ulubrBvgin2oVvnptgyRjqtsq7y/0DXuSu','2024-01-01','logoPerfil.jpg',NULL,'2024-12-15 20:24:21.112','2024-12-15 20:24:21.112',NULL,NULL),(46,'Tobin','Glenn','Hallard','ghallard19','ghallard19@angelfire.com','Male','$2b$10$iUkya8VVI3CHlw41ZvLyMu/m/2qiLV/W/GKfZU95rUhZ1kARc805q','2024-06-06','logoPerfil.jpg',NULL,'2024-12-15 20:24:21.267','2024-12-15 20:24:21.267',NULL,NULL),(47,'Darlene','Krissy','Manterfield','kmanterfield1a','kmanterfield1a@theguardian.com','Female','$2b$10$KFvOGqDjM.08D0hq0eIYD.mcWQfB8t7MSIlLPuruh8Wu3f5fzyNDy','2024-06-15','logoPerfil.jpg',NULL,'2024-12-15 20:24:21.421','2024-12-15 20:24:21.421',NULL,NULL),(48,'Alexandr','Lombard','Liversley','lliversley1b','lliversley1b@comcast.net','Male','$2b$10$u3ps1e5NmS7bG7Gsn9t8Q./cM4ZPeEEhsklPgtuaJMBsJVmkRWo5S','2024-01-09','logoPerfil.jpg',NULL,'2024-12-15 20:24:21.574','2024-12-15 20:24:21.574',NULL,NULL),(49,'Mickie','Amanda','Stalman','astalman1c','astalman1c@gov.uk','Female','$2b$10$LoFwpMHXWVTE8Fydo1u6C.KbBXafmSf/HaCw9PbSy2DLKSOGjrZNS','2024-06-17','logoPerfil.jpg',NULL,'2024-12-15 20:24:21.730','2024-12-15 20:24:21.730',NULL,NULL),(50,'Cornall','Horten','Hargey','hhargey1d','hhargey1d@soundcloud.com','Male','$2b$10$/fQC2FWG3MMw2W9Ebd0rnuYeRu5odVM4fGigQqv63gHfxNFUATlsG','2024-03-27','logoPerfil.jpg',NULL,'2024-12-15 20:24:21.884','2024-12-15 20:24:21.884',NULL,NULL),(51,'Maika','Ver','Hargey','maiks','miguel.magana0967@alumnos.udg.mx','Male','$2b$10$pZxpZ1sVcQKgVq4fO44BceH8.V7MjcwBQcncfFyJmGE1Vcs74LJ2q','2024-03-12','logoPerfil.jpg',NULL,'2024-12-15 20:24:22.039','2025-03-14 01:52:58.909',NULL,NULL);
/*!40000 ALTER TABLE `users` ENABLE KEYS */;
UNLOCK TABLES;
/*!40103 SET TIME_ZONE=@OLD_TIME_ZONE */;

/*!40101 SET SQL_MODE=@OLD_SQL_MODE */;
/*!40014 SET FOREIGN_KEY_CHECKS=@OLD_FOREIGN_KEY_CHECKS */;
/*!40014 SET UNIQUE_CHECKS=@OLD_UNIQUE_CHECKS */;
/*!40101 SET CHARACTER_SET_CLIENT=@OLD_CHARACTER_SET_CLIENT */;
/*!40101 SET CHARACTER_SET_RESULTS=@OLD_CHARACTER_SET_RESULTS */;
/*!40101 SET COLLATION_CONNECTION=@OLD_COLLATION_CONNECTION */;
/*!40111 SET SQL_NOTES=@OLD_SQL_NOTES */;

-- Dump completed on 2025-03-13 19:59:20
